no_Rider,rider,n,
Kristian Aasvold,Aasvold Kristian,54,27
Jon Aberasturi,Aberasturi Jon,12,51
Jonas Abrahamsen,Abrahamsen Jonas,25,63
Pascal Ackermann,Ackermann Pascal,5472,88
Johannes Adamietz,Adamietz Johannes,14,100
Roger Adria,Adria Roger,13,115
Thijs Aerts,Aerts Thijs,80,127
Toon Aerts,Aerts Toon,152,128
Edoardo Affini,Affini Edoardo,3992,132
Jon Agirre,Agirre Jon,15,143
Bryan Alaphilippe,Alaphilippe Bryan,13,288
Julian Alaphilippe,Alaphilippe Julian,20111,289
Vincenzo Albanese,Albanese Vincenzo,2330,307
Michael Albasini,Albasini Michael,382,311
Giovanni Aleotti,Aleotti Giovanni,4380,360
Piet Allegaert,Allegaert Piet,7385,411
Joao Almeida,Almeida Joao,14,433
Mikel Alonso,Alonso Mikel,67,450
Andrey Amador,Amador Andrey,6357,501
Julen Amezqueta,Amezqueta Julen,1494,530
Winner Anacona,Anacona Winner,819,557
Idar Andersen,Andersen Idar,75,573
Idar-Andersen,Andersen Idar,12,573
Pedro-Andrade,Andrade Pedro,6,611
Antonio Angulo,Angulo Antonio,123,672
Stanislaw Aniolkowski,Aniolkowski Stanislaw,687,679
Julien Antomarchi,Antomarchi Julien,37,700
Amaro Antunes,Antunes Amaro,51,715
Davide Appollonio,Appollonio Davide,16,736
Sergio Araiz,Araiz Sergio,8,743
Alex Aranburu,Aranburu Alex,9720,748
Yukiya Arashiro,Arashiro Yukiya,415,760
Jorge Arcas,Arcas Jorge,300,766
Shane Archbold,Archbold Shane,814,770
John Archibald,Archibald John,26,771
Thymen Arensman,Arensman Thymen,7269,786
Mikel Aristi,Aristi Mikel,250,808
Bruno Armirail,Armirail Bruno,1685,820
Thomas-Armstrong,Armstrong Thomas,21,824
Nikias Arndt,Arndt Nikias,9738,828
Igor Arrieta,Arrieta Igor,21,861
Daniel Arroyave,Arroyave Daniel,194,866
Fabio Aru,Aru Fabio,9291,891
Kasper Asgreen,Asgreen Kasper,19234,912
Lewis Askey,Askey Lewis,3306,925
Jesper Asselman,Asselman Jesper,992,940
Darwin Atapuma,Atapuma Darwin,10,952
Orluis Aular,Aular Orluis,357,988
Juan Ayuso,Ayuso Juan,1612,1034
Ibai Azurmendi,Azurmendi Ibai,9,1055
Frederik Backaert,Backaert Frederik,4076,1085
Matteo Badilatti,Badilatti Matteo,4807,1105
Andrea Bagioli,Bagioli Andrea,12561,1149
Nicola Bagioli,Bagioli Nicola,361,1150
Davide Bais,Bais Davide,414,1181
Davide-Bais,Bais Davide,3,1181
Mattia Bais,Bais Mattia,764,1182
Jan Bakelants,Bakelants Jan,1434,1192
Onur Balkan,Balkan Onur,66,1251
Davide Ballerini,Ballerini Davide,10960,1260
Alexandre Balmer,Balmer Alexandre,51,1270
Adrian Banaszek,Banaszek Adrian,57,1285
Alan Banaszek,Banaszek Alan,41,1286
Carlos Barbero,Barbero Carlos,3604,1349
Pierre Barbier,Barbier Pierre,424,1353
Rudy Barbier,Barbier Rudy,2835,1354
Romain Bardet,Bardet Romain,18716,1373
Warren Barguil,Barguil Warren,11352,1384
Filippo Baroncini,Baroncini Filippo,2519,1413
Jon Barrenetxea,Barrenetxea Jon,74,1428
Jon-Barrenetxea,Barrenetxea Jon,4,1428
Will Barta,Barta Will,14,1454
Cyril Barthe,Barthe Cyril,1051,1462
Andrea-Bartolozzi,Bartolozzi Andrea,11,1475
Erik Baska,Baska Erik,519,1495
Erik-Baska,Baska Erik,40,1495
Erik BaSka,BaSka Erik,6,1495
Stephen Bassett,Bassett Stephen,53,1501
Stephen-Bassett,Bassett Stephen,46,1501
Leonardo Basso,Basso Leonardo,289,1511
Enrico Battaglin,Battaglin Enrico,3895,1541
Samuele Battistella,Battistella Samuele,4586,1544
Jack Bauer,Bauer Jack,6945,1570
Phil Bauhaus,Bauhaus Phil,2730,1574
Tobias Bayer,Bayer Tobias,1154,1598
Stanislau-Bazhkou,Bazhkou Stanislau,33,1613
Oliver Behringer,Behringer Oliver,63,1701
Manuel Belletti,Belletti Manuel,666,1750
Louis Bendixen,Bendixen Louis,54,1799
Cesare Benedetti,Benedetti Cesare,1291,1803
Gabriele Benedetti,Benedetti Gabriele,10,1806
George Bennett,Bennett George,11487,1843
Sam Bennett,Bennett Sam,6698,1845
Sean Bennett,Bennett Sean,583,1846
Tiesj Benoot,Benoot Tiesj,18433,1855
Joao-Benta,Benta Joao,9,1861
Natnael Berhane,Berhane Natnael,1102,1927
Egan Bernal,Bernal Egan,13172,1946
Pawel Bernas,Bernas Pawel,121,1968
Urko Berrade,Berrade Urko,236,1983
Clement-Berthet,Berthet Clement,9,2001
Sebastian Berwick,Berwick Sebastian,335,2030
Carlos Betancur,Betancur Carlos,5876,2044
Alberto Bettiol,Bettiol Alberto,12880,2059
Simone Bevilacqua,Bevilacqua Simone,319,2078
Patrick Bevin,Bevin Patrick,6796,2079
Sam Bewley,Bewley Sam,234,2082
Jenthe Biermans,Biermans Jenthe,6445,2151
Daniel Bigham,Bigham Daniel,78,2158
Pello Bilbao,Bilbao Pello,13814,2171
Alessandro Bisolti,Bisolti Alessandro,390,2225
Stefan Bissegger,Bissegger Stefan,7965,2228
Pavel Bittner,Bittner Pavel,9,2235
Mikel Bizkarra,Bizkarra Mikel,1652,2238
Mikkel Bjerg,Bjerg Mikkel,3158,2240
Christopher Blevins,Blevins Christopher,59,2289
Erlend Blikra,Blikra Erlend,13,2296
Louis-Blouwe,Blouwe Louis,12,2314
Manuele Boaro,Boaro Manuele,905,2325
Maciej Bodnar,Bodnar Maciej,981,2361
Kris Boeckmans,Boeckmans Kris,31,2363
Igor-Boev,Boev Igor,18,2378
Marceli Boguslawski,Boguslawski Marceli,16,2398
Tom Bohli,Bohli Tom,407,2400
Alan Boileau,Boileau Alan,49,2405
Alan-Boileau,Boileau Alan,26,2405
Guillaume Boivin,Boivin Guillaume,2592,2415
Cees Bol,Bol Cees,10083,2427
Jetse Bol,Bol Jetse,1314,2428
Grega Bole,Bole Grega,95,2432
Leonardo Bonifazio,Bonifazio Leonardo,167,2500
Leonardo-Bonifazio,Bonifazio Leonardo,9,2500
Franck Bonnamour,Bonnamour Franck,2031,2510
William Bonnet,Bonnet William,264,2523
Brent Bookwalter,Bookwalter Brent,797,2540
Lars Boom,Boom Lars,40,2541
Matthew Bostock,Bostock Matthew,61,2666
Geoffrey Bouchard,Bouchard Geoffrey,3241,2694
Thomas Boudat,Boudat Thomas,419,2707
Maxime Bouet,Bouet Maxime,350,2715
Georgios Bouglas,Bouglas Georgios,66,2718
Nacer Bouhanni,Bouhanni Nacer,3197,2720
Koen Bouwman,Bouwman Koen,2713,2772
Dylan Bouwmans,Bouwmans Dylan,9,2774
Gianluca Brambilla,Brambilla Gianluca,10421,2844
Giorgio-Brambilla,Brambilla Giorgio,30,2845
Sam Brand,Brand Sam,24,2857
Joni-Brandao,Brandao Joni,9,2858
Garikoitz Bravo,Bravo Garikoitz,18,2897
Marco Brenner,Brenner Marco,5092,2940
Marco-Brenner,Brenner Marco,234,2940
Michael Bresciani,Bresciani Michael,16,2953
Rhys Britton,Britton Rhys,70,3022
Rob Britton,Britton Rob,250,3023
Connor Brown,Brown Connor,224,3081
Connor-Brown,Brown Connor,9,3081
Jonny Brown,Brown Jonny,9,3085
Nathan Brown,Brown Nathan,238,3088
Piotr Brozyna,Brozyna Piotr,108,3095
Piotr-Brozyna,Brozyna Piotr,3,3095
Alexys Brunel,Brunel Alexys,613,3120
Gleb Brussenskiy,Brussenskiy Gleb,265,3140
Emanuel Buchmann,Buchmann Emanuel,11624,3174
Martijn Budding,Budding Martijn,37,3185
Anatoliy Budyak,Budyak Anatoliy,85,3191
Luuc Bugter,Bugter Luuc,9,3205
Santiago Buitrago,Buitrago Santiago,1122,3221
Federico Burchio,Burchio Federico,16,3262
Mathieu Burgaudeau,Burgaudeau Mathieu,140,3267
Marcus Burghardt,Burghardt Marcus,4276,3274
Matteo Busato,Busato Matteo,62,3313
Vitaliy Buts,Buts Vitaliy,69,3340
Oscar Cabedo,Cabedo Oscar,9,3380
Jeremy Cabot,Cabot Jeremy,422,3383
Lilian Calmejane,Calmejane Lilian,10635,3462
Maxime-Cam,Cam Maxime,58,3480
Victor Campenaerts,Campenaerts Victor,6237,3522
Carlos Canal,Canal Carlos,603,3540
Carlos-Canal,Canal Carlos,9,3540
Marco Canola,Canola Marco,2522,3580
Eros Capecchi,Capecchi Eros,1581,3609
Amaury Capiot,Capiot Amaury,7071,3615
Richard Carapaz,Carapaz Richard,12220,3638
Michael Carbel,Carbel Michael,2850,3640
Giovanni Carboni,Carboni Giovanni,3459,3644
Romain Cardis,Cardis Romain,287,3654
Clement Carisey,Carisey Clement,13,3680
Clement-Carisey,Carisey Clement,9,3680
Robin Carpenter,Carpenter Robin,230,3717
Simon Carr,Carr Simon,4013,3727
Simon-Carr,Carr Simon,9,3727
Lucas Carstensen,Carstensen Lucas,16,3757
Lucas-Carstensen,Carstensen Lucas,3,3757
Hugh John Carthy,Carthy Hugh,12707,3772
Damiano Caruso,Caruso Damiano,15155,3779
Henrique Casimiro,Casimiro Henrique,3,3822
Jaime Castrillo,Castrillo Jaime,229,3873
Jonas Castrique,Castrique Jonas,21,3876
Jonathan Castroviejo,Castroviejo Jonathan,5111,3881
Alexander Cataford,Cataford Alexander,68,3884
Dario Cataldo,Cataldo Dario,7163,3886
Mattia Cattaneo,Cattaneo Mattia,8276,3899
Mark Cavendish,Cavendish Mark,15076,3919
Danilo-Celano,Celano Danilo,18,3963
Thomas Champion,Champion Thomas,277,4073
Clement Champoussin,Champoussin Clement,115,4075
Clement--Champoussin,Champoussin Clement,10,4075
Clement-Champoussin,Champoussin Clement,10,4075
Anthon Charmig,Charmig Anthon,123,4116
Anthon-Charmig,Charmig Anthon,18,4116
Esteban Chaves,Chaves Esteban,10994,4157
Nikolay Cherkasov,Cherkasov Nikolay,1829,4189
Maxime Chevalier,Chevalier Maxime,264,4205
Luca Chirico,Chirico Luca,457,4243
Ryan Christensen,Christensen Ryan,59,4305
Mark Christian,Christian Mark,1336,4310
Giulio Ciccone,Ciccone Giulio,15007,4359
Pawel Cieslik,Cieslik Pawel,14,4364
Damiano Cima,Cima Damiano,46,4369
Imerio Cima,Cima Imerio,69,4370
Davide Cimolai,Cimolai Davide,6661,4371
Dimitri Claeys,Claeys Dimitri,6757,4415
Jonathan Clarke,Clarke Jonathan,63,4443
Simon Clarke,Clarke Simon,7110,4448
Damien Clayton,Clayton Damien,9,4471
Nicolas Cleppe,Cleppe Nicolas,31,4492
Sonny Colbrelli,Colbrelli Sonny,11382,4564
Kevin Colleoni,Colleoni Kevin,409,4588
Alex Colman,Colman Alex,42,4607
Luca Colnaghi,Colnaghi Luca,308,4610
Raul Colombo,Colombo Raul,11,4619
Romain Combaud,Combaud Romain,209,4634
Filippo Conca,Conca Filippo,545,4652
Nicola Conci,Conci Nicola,1037,4654
Simone Consonni,Consonni Simone,5733,4669
Valerio Conti,Conti Valerio,4220,4683
Rodrigo Contreras,Contreras Rodrigo,565,4688
Bryan Coquard,Coquard Bryan,7350,4730
Magnus Cort,Cort Magnus,5008,4804
Rui Costa,Costa Rui,6913,4834
Alessandro Covi,Covi Alessandro,4089,4897
Alessandro-Covi,Covi Alessandro,4,4897
Luca Covili,Covili Luca,137,4898
Lawson Craddock,Craddock Lawson,4782,4917
Steff Cras,Cras Steff,4430,4927
Daniel Crista,Crista Daniel,16,4968
Daniel-Crista,Crista Daniel,3,4968
Unai-Cuadrado,Cuadrado Unai,58,5022
Unai Cuadrado,Cuadrado Unai,8,5022
Gabriel Cullaigh,Cullaigh Gabriel,5040,5050
Gil D'heygere,D'heygere Gil,8,5140
Alberto Dainese,Dainese Alberto,9018,5203
Scott Davies,Davies Scott,287,5364
Mekseb Debesay,Debesay Mekseb,15,5811
Yakob Debesay,Debesay Yakob,36,5812
Yakob-Debesay,Debesay Yakob,9,5812
Jens Debusschere,Debusschere Jens,7060,5836
Benjamin Declercq,Declercq Benjamin,310,5858
Tim Declercq,Declercq Tim,6242,5862
Thomas Degand,Degand Thomas,75,5890
John Degenkolb,Degenkolb John,11672,5894
David Dekker,Dekker David,7877,5933
Anthony Delaplace,Delaplace Anthony,160,5983
Alexandre Delettre,Delettre Alexandre,62,6007
Alexandre-Delettre,Delettre Alexandre,12,6007
Kevin Deltombe,Deltombe Kevin,13,6055
Yegor Dementyev,Dementyev Yegor,16,6077
Yegor-Dementyev,Dementyev Yegor,3,6077
Rohan Dennis,Dennis Rohan,7904,6128
Nico Denz,Denz Nico,4609,6140
Dries Devenyns,Devenyns Dries,6897,6236
Tom Devriendt,Devriendt Tom,4266,6253
Stan Dewulf,Dewulf Stan,5553,6271
Jonathan Dibben,Dibben Jonathan,1422,6362
Silvan Dillier,Dillier Silvan,11943,6407
Emil Dima,Dima Emil,30,6409
Emil-Dima,Dima Emil,3,6409
Mitchell Docker,Docker Mitchell,2048,6474
Joe Dombrowski,Dombrowski Joe,8869,6519
Axel Domont,Domont Axel,114,6533
Robert Donaldson,Donaldson Robert,56,6540
Mark Donovan,Donovan Mark,7109,6567
Fabien Doubey,Doubey Fabien,1017,6606
Paul Double,Double Paul,55,6607
Paul-Double,Double Paul,50,6607
Owain Doull,Doull Owain,9287,6616
Alex Dowsett,Dowsett Alex,984,6635
Guido Draghi,Draghi Guido,8,6647
Jarrad Drizners,Drizners Jarrad,36,6686
Jempy Drucker,Drucker Jempy,9162,6708
Antoine Duchesne,Duchesne Antoine,196,6754
Sandy Dujardin,Dujardin Sandy,26,6796
Tom Dumoulin,Dumoulin Tom,9959,6820
Eddie Dunbar,Dunbar Eddie,8785,6823
Timothy Dupont,Dupont Timothy,1244,6842
Luke Durbridge,Durbridge Luke,7424,6864
Julien Duval,Duval Julien,4714,6899
Benjamin Dyball,Dyball Benjamin,645,6916
Nicolas Edet,Edet Nicolas,7005,6970
Nils Eekhoff,Eekhoff Nils,9400,6986
Pascal Eenkhoorn,Eenkhoorn Pascal,5969,6987
Niklas Eg,Eg Niklas,7751,6991
Jakob Egholm,Egholm Jakob,188,7004
Itamar Einhorn,Einhorn Itamar,2443,7038
Kenny Elissonde,Elissonde Kenny,10217,7076
Felix Engelhardt,Engelhardt Felix,35,7136
Lucas Eriksson,Eriksson Lucas,624,7195
Imanol Erviti,Erviti Imanol,5756,7222
Josu Etxeberria,Etxeberria Josu,21,7280
Alexander Evans,Evans Alexander,69,7290
Remco Evenepoel,Evenepoel Remco,12229,7301
Caleb Ewan,Ewan Caleb,4908,7314
Jesse Ewart,Ewart Jesse,45,7315
Jesse-Ewart,Ewart Jesse,9,7315
Jeroen Eyskens,Eyskens Jeroen,9,7321
Matteo Fabbro,Fabbro Matteo,6803,7331
Alessandro Fancellu,Fancellu Alessandro,59,7407
Alessandro-Fancellu,Fancellu Alessandro,12,7407
Alessandro Fedeli,Fedeli Alessandro,306,7493
Alessandro-Fedeli,Fedeli Alessandro,15,7493
Yevgeniy Fedorov,Fedorov Yevgeniy,63,7499
Fabio Felline,Felline Fabio,9020,7526
Thibault Ferasse,Ferasse Thibault,152,7536
Thibault-Ferasse,Ferasse Thibault,26,7536
Luis-Fernandes,Fernandes Luis,54,7550
Valentin Ferron,Ferron Valentin,119,7618
Erik Fetter,Fetter Erik,1177,7627
Erik-Fetter,Fetter Erik,5,7627
Frederico-Figueiredo,Figueiredo Frederico,9,7663
Frederico Figueiredo,Figueiredo Frederico,6,7663
Iuri Filosi,Filosi Iuri,178,7682
Viktor-Filutas,Filutas Viktor,3,7683
Eddy-Fine,Fine Eddy,12,7691
Mauro Finetto,Finetto Mauro,433,7693
Filippo Fiorelli,Fiorelli Filippo,3471,7709
Daniil Fominykh,Fominykh Daniil,35,7818
Davide Formolo,Formolo Davide,15591,7880
Filippo Fortin,Fortin Filippo,9,7902
Lorenzo Fortunato,Fortunato Lorenzo,862,7905
Lorenzo-Fortunato,Fortunato Lorenzo,9,7905
Tobias Foss,Foss Tobias,11097,7910
Omar Fraile,Fraile Omar,6663,7960
Pawel Franczak,Franczak Pawel,19,7986
Mathias Frank,Frank Mathias,4378,7995
Kilian Frankiny,Frankiny Kilian,2821,7998
Toni Franz,Franz Toni,9,8006
Marco Frapporti,Frapporti Marco,737,8010
Mattia Frapporti,Frapporti Mattia,98,8011
Daniel-Freitas,Freitas Daniel,36,8043
Daniel Freitas,Freitas Daniel,18,8043
Marco Frigo,Frigo Marco,10,8080
Frederik Frison,Frison Frederik,2110,8089
Robin Froidevaux,Froidevaux Robin,22,8099
Chris Froome,Froome Chris,9779,8107
Jakob Fuglsang,Fuglsang Jakob,14677,8132
Davide Gabburo,Gabburo Davide,2983,8184
Marlon-Gaillard,Gaillard Marlon,13,8228
Felix Gall,Gall Felix,255,8269
Felix-Gall,Gall Felix,5,8269
Tony Gallopin,Gallopin Tony,18428,8294
Patrick Gamper,Gamper Patrick,525,8314
Filippo Ganna,Ganna Filippo,12728,8326
Jhojan Orlando Garcia,Garcia Jhojan,66,8375
Jhojan-Orlando-Garcia,Garcia Jhojan,10,8375
Gianmarco Garofoli,Garofoli Gianmarco,69,8435
Andrea Garosio,Garosio Andrea,85,8436
Ian Garrison,Garrison Ian,467,8439
Enrico Gasparotto,Gasparotto Enrico,620,8466
Ben Gastauer,Gastauer Ben,635,8471
Oscar Gatto,Gatto Oscar,1991,8485
Damien Gaudin,Gaudin Damien,5208,8492
David Gaudu,Gaudu David,10569,8494
Cyril Gautier,Gautier Cyril,1575,8513
Francesco Gavazzi,Gavazzi Francesco,3216,8519
Fernando Gaviria,Gaviria Fernando,10386,8524
Michele Gazzoli,Gazzoli Michele,1010,8542
Owen Geleijn,Geleijn Owen,20,8589
Kevin Geniets,Geniets Kevin,6224,8612
Alexandre Geniez,Geniez Alexandre,1434,8613
Alfred George,George Alfred,22,8629
Simon Geschke,Geschke Simon,8012,8681
Robert Gesink,Gesink Robert,8996,8683
Robbe Ghys,Ghys Robbe,232,8726
Ryan Gibbons,Gibbons Ryan,5666,8755
Matthew Gibson,Gibson Matthew,68,8760
Yevgeniy Gidich,Gidich Yevgeniy,524,8765
Philippe Gilbert,Gilbert Philippe,15631,8798
Thomas Gloag,Gloag Thomas,70,8904
Dorian Godon,Godon Dorian,1627,8939
Andreas-Goeman,Goeman Andreas,9,8951
Michael Gogl,Gogl Michael,6334,8967
Michal Golas,Golas Michal,273,8988
Omer Goldstein,Goldstein Omer,266,8992
Luis-Gomes,Gomes Luis,36,9005
Bernardo Goncalves,Goncalves Bernardo,9,9037
Abner Gonzalez,Gonzalez Abner,4,9059
Kobe Goossens,Goossens Kobe,2518,9106
Alexis Gougeard,Gougeard Alexis,5940,9165
Kamil Gradek,Gradek Kamil,326,9211
Noah Granigan,Granigan Noah,54,9235
Arturo-Gravalos,Gravalos Arturo,9,9254
Fabien Grellier,Grellier Fabien,774,9311
Sebastien Grignard,Grignard Sebastien,15,9341
Tsgabu Gebremaryam Grmay,Grmay Tsgabu,2377,9367
Dylan Groenewegen,Groenewegen Dylan,1842,9382
Donavan Grondin,Grondin Donavan,9,9391
Kaden Groves,Groves Kaden,6182,9425
Dmitriy Gruzdev,Gruzdev Dmitriy,588,9444
Andrea Guardini,Guardini Andrea,27,9460
Jacopo Guarnieri,Guarnieri Jacopo,2453,9464
Thibault Guernalec,Guernalec Thibault,236,9492
Ruben Guerreiro,Guerreiro Ruben,7682,9500
Simon Guglielmi,Guglielmi Simon,628,9523
Adrien Guillonnet,Guillonnet Adrien,49,9557
Nathan Haas,Haas Nathan,5029,9687
Chad Haga,Haga Chad,590,9722
Jack Haig,Haig Jack,11099,9752
Marco Haller,Haller Marco,9482,9796
Kristoffer Halvorsen,Halvorsen Kristoffer,1208,9812
Chris Hamilton,Hamilton Chris,3936,9830
Lucas Hamilton,Hamilton Lucas,11251,9832
Adam Hansen,Hansen Adam,403,9883
Jesper Hansen,Hansen Jesper,927,9891
Romain Hardy,Hardy Romain,241,9932
Chris Harper,Harper Chris,1603,9951
Heinrich Haussler,Haussler Heinrich,8468,10054
Piotr Havik,Havik Piotr,195,10062
Yoeri Havik,Havik Yoeri,15,10063
Ethan Hayter,Hayter Ethan,7040,10085
Leo Hayter,Hayter Leo,9,10086
Ben Healy,Healy Ben,70,10092
Miguel Heidemann,Heidemann Miguel,64,10110
Kim Heiduk,Heiduk Kim,998,10115
Leon Heinschke,Heinschke Leon,24,10135
Sergio Henao,Henao Sergio,9926,10170
Joonas Henttala,Henttala Joonas,11,10212
Michael Hepburn,Hepburn Michael,513,10217
Ben Hermans,Hermans Ben,6790,10248
Quinten Hermans,Hermans Quinten,10127,10250
Rune Herregodts,Herregodts Rune,216,10282
Rune-Herregodts,Herregodts Rune,17,10282
Michel Hessmann,Hessmann Michel,12,10311
Jules Hesters,Hesters Jules,30,10314
Sergio Higuita,Higuita Sergio,13074,10356
Sergio Andres Higuita,Higuita Sergio,1175,10356
Jai Hindley,Hindley Jai,10879,10379
Marc Hirschi,Hirschi Marc,15386,10393
Jan Hirt,Hirt Jan,12159,10398
Jonathan Hivert,Hivert Jonathan,801,10404
Alex Hoehn,Hoehn Alex,63,10453
Daniel Hoelgaard,Hoelgaard Daniel,59,10461
Markus Hoelgaard,Hoelgaard Markus,3857,10462
Moreno Hofland,Hofland Moreno,2992,10479
Lennard Hofstede,Hofstede Lennard,214,10487
Hugo Hofstetter,Hofstetter Hugo,7597,10488
Reto Hollenstein,Hollenstein Reto,186,10509
Nikodemus Holler,Holler Nikodemus,33,10510
Nikodemus-Holler,Holler Nikodemus,3,10510
Mason Hollyman,Hollyman Mason,51,10516
Matthew Holmes,Holmes Matthew,3164,10523
Daan Hoole,Hoole Daan,3265,10564
Hugo Houle,Houle Hugo,4049,10638
Alex Howes,Howes Alex,228,10663
Damien Howson,Howson Damien,1945,10666
Morten Hulgaard,Hulgaard Morten,172,10766
Tony Hurel,Hurel Tony,121,10792
Laurens Huys,Huys Laurens,257,10829
Alessandro-Iacchi,Iacchi Alessandro,11,10841
Claudio Imhof,Imhof Claudio,183,10921
Daryl Impey,Impey Daryl,5711,10926
Kevin Inkelaar,Inkelaar Kevin,3357,10946
Jon Irisarri,Irisarri Jon,191,10972
Julen Irizar,Irizar Julen,16,10973
Eli-Iserbyt,Iserbyt Eli,36,10990
Eli Iserbyt,Iserbyt Eli,16,10990
Kevyn Ista,Ista Kevyn,44,11009
Mikel Iturria,Iturria Mikel,1012,11016
Rasmus Iversen,Iversen Rasmus,15,11045
Gorka Izagirre,Izagirre Gorka,12330,11052
Johan Jacobs,Jacobs Johan,5347,11074
Fabio Jakobsen,Jakobsen Fabio,2391,11124
Roy Jans,Jans Roy,1350,11180
Adriaan-Janssen,Janssen Adriaan,8,11193
Adriaan Janssen,Janssen Adriaan,8,11193
Jimmy Janssens,Janssens Jimmy,552,11207
August Jensen,Jensen August,363,11303
Ziga Jerman,Jerman Ziga,102,11327
Julius Johansen,Johansen Julius,3255,11384
Brenton Jones,Jones Brenton,992,11427
Taj Jones,Jones Taj,12,11446
Matteo Jorgenson,Jorgenson Matteo,9147,11474
Thomas Joseph,Joseph Thomas,31,11480
Colin Joyce,Joyce Colin,431,11508
Txomin-Juaristi,Juaristi Txomin,23,11518
Anthony Jullien,Jullien Anthony,15,11532
Bob Jungels,Jungels Bob,17106,11553
Jakub Kaczmarek,Kaczmarek Jakub,54,11600
Alexander Kamp,Kamp Alexander,880,11678
Brian Kamstra,Kamstra Brian,11,11685
Tanel Kangert,Kangert Tanel,10891,11705
Max Kanter,Kanter Max,7034,11711
Przemyslaw Kasperkiewicz,Kasperkiewicz Przemyslaw,51,11790
Iljo Keisse,Keisse Iljo,3654,11855
Wilco Kelderman,Kelderman Wilco,10709,11860
Petr Kelemen,Kelemen Petr,25,11863
Jens Keukeleire,Keukeleire Jens,10294,11952
Alex Kirsch,Kirsch Alex,4493,12114
Roger Kluge,Kluge Roger,772,12221
Christian Knees,Knees Christian,31,12238
Iver Johan Knotten,Knotten Iver,8,12254
James Knox,Knox James,12703,12255
Jonas Koch,Koch Jonas,976,12282
Pavel Kochetkov,Kochetkov Pavel,414,12287
Mykhaylo Kononenko,Kononenko Mykhaylo,66,12405
Ignatas Konovalovas,Konovalovas Ignatas,79,12407
Patrick Konrad,Konrad Patrick,11017,12408
Alexander Konychev,Konychev Alexander,4663,12415
Olav Kooij,Kooij Olav,1262,12416
Marten Kooistra,Kooistra Marten,15,12418
Dylan Kowalski,Kowalski Dylan,28,12552
Szymon Krawczyk,Krawczyk Szymon,19,12618
Wesley Kreder,Kreder Wesley,428,12624
Roman Kreuziger,Kreuziger Roman,7705,12634
Alexander Krieger,Krieger Alexander,8077,12637
Alexander Kristoff,Kristoff Alexander,10605,12657
Andreas Kron,Kron Andreas,4006,12678
Steven Kruijswijk,Kruijswijk Steven,11218,12696
Merhawi Kudus,Kudus Merhawi,2378,12756
Kevin Kuhn,Kuhn Kevin,27,12771
Kevin-Kuhn,Kuhn Kevin,12,12771
Karol Kuklewicz,Kuklewicz Karol,8,12780
Michael Kukrle,Kukrle Michael,187,12781
Lars Kulbe,Kulbe Lars,42,12786
Lars-Kulbe,Kulbe Lars,18,12786
Adrian Kurek,Kurek Adrian,73,12832
Sepp Kuss,Kuss Sepp,11848,12855
Anton Kuzmin,Kuzmin Anton,55,12873
Michal Kwiatkowski,Kwiatkowski Michal,19135,12895
Martin Laas,Laas Martin,1591,12921
Victor Lafay,Lafay Victor,2042,12967
Victor-Lafay,Lafay Victor,10,12967
Ross Lamb,Lamb Ross,17,13033
Maurits Lammertink,Lammertink Maurits,519,13050
Yves Lampaert,Lampaert Yves,9852,13060
Luke Lamperti,Lamperti Luke,47,13063
Steven Lampier,Lampier Steven,61,13064
Mikel Landa,Landa Mikel,11559,13076
Victor Langellotti,Langellotti Victor,57,13102
Victor-Langellotti,Langellotti Victor,9,13102
Sebastian Langeveld,Langeveld Sebastian,9130,13107
Christophe Laporte,Laporte Christophe,11113,13131
Niklas Larsen,Larsen Niklas,844,13167
Christopher Latham,Latham Christopher,49,13204
Pierre-Roger Latour,Latour Pierre,8598,13212
Chris Lawless,Lawless Chris,2841,13271
Oier Lazkano,Lazkano Oier,779,13289
Gijs Leemreize,Leemreize Gijs,197,13472
Gijs-Leemreize,Leemreize Gijs,9,13472
Enzo-Leijnse,Leijnse Enzo,3,13507
Andreas Leknessund,Leknessund Andreas,7135,13525
Cyril Lemoine,Lemoine Cyril,1966,13548
Samuel Leroux,Leroux Samuel,25,13624
Jordan Levasseur,Levasseur Jordan,173,13670
Jeremy Leveau,Leveau Jeremy,28,13671
Senne Leysen,Leysen Senne,324,13709
Fabian Lienhard,Lienhard Fabian,524,13751
Emils Liepins,Liepins Emils,1362,13752
Emils-Liepins,Liepins Emils,14,13752
Emils LiepinS,LiepinS Emils,6,13752
Eliot Lietaer,Lietaer Eliot,399,13756
Pim Ligthart,Ligthart Pim,174,13763
Leangel-Linarez,Linarez Leangel,36,13784
Leangel Linarez,Linarez Leangel,12,13784
Florian Lipowitz,Lipowitz Florian,32,13825
Florian-Lipowitz,Lipowitz Florian,12,13825
Arjen Livyns,Livyns Arjen,2523,13868
Giovanni Lonardi,Lonardi Giovanni,2640,13960
Jordi Lopez,Lopez Jordi,37,14018
Jordi-Lopez,Lopez Jordi,9,14018
Matis Louvel,Louvel Matis,1853,14076
Matis-Louvel,Louvel Matis,67,14076
Louis Louvet,Louvet Louis,45,14077
David Lozano,Lozano David,11,14103
Tobias Ludvigsson,Ludvigsson Tobias,807,14148
Alexey Lutsenko,Lutsenko Alexey,16333,14218
Filip Maciejuk,Maciejuk Filip,69,14294
Gino Mader,Mader Gino,5,14320
Valentin Madouas,Madouas Valentin,15597,14324
Angel Madrazo,Madrazo Angel,10,14325
Nikolas Maes,Maes Nikolas,1796,14349
Mirco Maestri,Maestri Mirco,78,14356
Florian Maitre,Maitre Florian,9,14434
Rafal Majka,Majka Rafal,12404,14439
Anthony Maldonado,Maldonado Anthony,117,14471
Kamil Malecki,Malecki Kamil,493,14474
Adriano Malori,Malori Adriano,8,14507
Matteo Malucelli,Malucelli Matteo,1191,14512
Gavin Mannion,Mannion Gavin,407,14570
Marco Marcato,Marcato Marco,3711,14619
Gianni Marchand,Marchand Gianni,26,14629
Tomasz Marczynski,Marczynski Tomasz,2933,14660
Jakub Mareczko,Mareczko Jakub,2284,14666
Umberto Marengo,Marengo Umberto,1770,14673
Arne Marit,Marit Arne,293,14733
Niklas Markl,Markl Niklas,110,14743
Marti Marquez,Marquez Marti,95,14776
Marti-Marquez,Marquez Marti,26,14776
Paul Martens,Martens Paul,459,14800
Dan Martin,Martin Dan,1839,14818
Dan-Martin,Martin Dan,564,14818
Daniel Martin,Martin Daniel,11784,14819
Daniel-Martin,Martin Daniel,292,14819
Guillaume Martin,Martin Guillaume,12544,14826
Tony Martin,Martin Tony,4863,14841
Davide Martinelli,Martinelli Davide,2617,14847
Ivan Martinelli,Martinelli Ivan,14,14850
Fausto Masnada,Masnada Fausto,13758,14945
Marco Mathis,Mathis Marco,93,14995
Michael Matthews,Matthews Michael,10055,15019
Flavien Maurelet,Maurelet Flavien,110,15050
Marius Mayrhofer,Mayrhofer Marius,24,15082
Leon Mazzone,Mazzone Leon,38,15096
Tom Mazzone,Mazzone Tom,49,15097
Fabio Mazzucco,Mazzucco Fabio,78,15099
Johan-Meens,Meens Johan,12,15269
Jordi Meeus,Meeus Jordi,5919,15286
Thomas Mein,Mein Thomas,26,15320
Louis Meintjes,Meintjes Louis,11674,15324
Marcel Meisen,Meisen Marcel,76,15326
Milan Menten,Menten Milan,850,15407
Tim Merlier,Merlier Tim,10149,15448
Julian Mertens,Mertens Julian,70,15468
Daniel-Mestre,Mestre Daniel,36,15495
Daniel Mestre,Mestre Daniel,24,15495
Ricardo Mestre,Mestre Ricardo,15,15497
Xandro Meurisse,Meurisse Xandro,7824,15518
Cameron Meyer,Meyer Cameron,578,15525
Luka Mezgec,Mezgec Luka,12807,15538
Jonathan Milan,Milan Jonathan,1410,15658
Riccardo Minali,Minali Riccardo,1455,15724
James Mitri,Mitri James,48,15803
Sacha Modolo,Modolo Sacha,6483,15835
Matej Mohoric,Mohoric Matej,16142,15862
Rudy Molard,Molard Rudy,7824,15888
Alex Molenaar,Molenaar Alex,496,15891
Bauke Mollema,Mollema Bauke,13364,15906
Kenny Molly,Molly Kenny,106,15915
Sylvain Moniquet,Moniquet Sylvain,1203,15937
Cyrus Monk,Monk Cyrus,40,15938
Matteo Montaguti,Montaguti Matteo,851,15953
Sebastian Mora,Mora Sebastian,52,16020
Julien Morice,Morice Julien,20,16094
Emmanuel Morin,Morin Emmanuel,696,16107
Lachlan Morton,Morton Lachlan,612,16161
Jacopo Mosca,Mosca Jacopo,2103,16170
Matteo Moschetti,Moschetti Matteo,2725,16173
Gianni Moscon,Moscon Gianni,15014,16175
Luca Mozzato,Mozzato Luca,2679,16246
Frederik Muff,Muff Frederik,54,16265
Ryan Mullen,Mullen Ryan,1620,16301
Gabriel Muller,Muller Gabriel,63,16309
Jokin Murguialday,Murguialday Jokin,70,16378
Kyle Murphy,Murphy Kyle,183,16392
Stefano Museeuw,Museeuw Stefano,36,16409
Tim Naberman,Naberman Tim,47,16442
Lawrence Naesen,Naesen Lawrence,3143,16458
Oliver Naesen,Naesen Oliver,11077,16459
Hideto Nakane,Nakane Hideto,60,16494
Hideto-Nakane,Nakane Hideto,3,16494
Jhonatan Narvaez,Narvaez Jhonatan,14,16533
Yuriy Natarov,Natarov Yuriy,235,16542
Yuriy-Natarov,Natarov Yuriy,3,16542
Ramunas Navardauskas,Navardauskas Ramunas,19,16553
Daniel Navarro,Navarro Daniel,2003,16558
Krists Neilands,Neilands Krists,4150,16602
Denis Nekrasov,Nekrasov Denis,116,16606
Antonio Nibali,Nibali Antonio,1398,16687
Vincenzo Nibali,Nibali Vincenzo,18429,16688
Andreas Stokbro Nielsen,Nielsen Andreas,5777,16719
Joris Nieuwenhuis,Nieuwenhuis Joris,5294,16750
Mikel Nieve,Nieve Mikel,10403,16753
Oskar Nisu,Nisu Oskar,82,16817
Guy Niv,Niv Guy,544,16821
Giacomo Nizzolo,Nizzolo Giacomo,9722,16827
Christophe Noppe,Noppe Christophe,461,16877
Savva Novikov,Novikov Savva,252,16933
Savva-Novikov,Novikov Savva,3,16933
Hugo Nunes,Nunes Hugo,12,16972
Artem Nych,Nych Artem,178,16990
Sven Nys,Nys Sven,16,16999
Thibau-Nys,Nys Thibau,36,17000
Ben O'connor,O'connor Ben,10505,17028
Ben O'Connor,O'Connor Ben,77,17028
Michael O'loughlin,O'loughlin Michael,9,17037
Yoann Offredo,Offredo Yoann,732,17113
Ander Okamika,Okamika Ander,724,17139
Ander-Okamika,Okamika Ander,9,17139
Stefano Oldani,Oldani Stefano,4206,17152
Ivo Oliveira,Oliveira Ivo,810,17175
Nelson Oliveira,Oliveira Nelson,5149,17181
Rui Oliveira,Oliveira Rui,2694,17182
Oscar Onley,Onley Oscar,9,17246
Sam Oomen,Oomen Sam,10602,17256
Emerson Oronte,Oronte Emerson,45,17318
Davide Orrico,Orrico Davide,54,17326
Felipe-Orts,Orts Felipe,44,17346
Felipe Orts,Orts Felipe,16,17346
Alejandro Osorio,Osorio Alejandro,154,17355
Daniel Oss,Oss Daniel,9918,17366
Paul Ourselin,Ourselin Paul,67,17413
Artem Ovechkin,Ovechkin Artem,57,17420
Logan Owen,Owen Logan,291,17435
Lukasz Owsian,Owsian Lukasz,207,17439
Mathijs Paasschens,Paasschens Mathijs,81,17457
Mathijs-Paasschens,Paasschens Mathijs,3,17457
Quentin Pacher,Pacher Quentin,3426,17465
Luca Pacioni,Pacioni Luca,65,17474
Mark Padun,Padun Mark,7735,17487
Charles Page,Page Charles,31,17495
Hugo Page,Page Hugo,35,17497
Yoann Paillot,Paillot Yoann,78,17508
Markus Pajur,Pajur Markus,93,17517
Michal Paluta,Paluta Michal,177,17551
Anton Palzer,Palzer Anton,2171,17553
Tom Paquet,Paquet Tom,26,17612
Tom Paquot,Paquot Tom,187,17614
Andrea Pasqualon,Pasqualon Andrea,7233,17720
Maciej Paterski,Paterski Maciej,90,17755
Serge Pauwels,Pauwels Serge,2349,17801
Barnabas Peak,Peak Barnabas,9,17833
Daniel Pearson,Pearson Daniel,63,17835
Ollie Peckover,Peckover Ollie,48,17843
Casper Pedersen,Pedersen Casper,6571,17848
Mads Pedersen,Pedersen Mads,13004,17856
Antonio Pedrero,Pedrero Antonio,4280,17877
Simon Pellaud,Pellaud Simon,2351,17923
Matteo Pelucchi,Pelucchi Matteo,1559,17951
Manuel Penalver,Penalver Manuel,46,17961
Paul Penhoet,Penhoet Paul,9,17969
Anthony Perez,Perez Anthony,1619,18024
Juan-Pedro-Lopez-Perez,Perez Juan,9,18042
Hermann Pernsteiner,Pernsteiner Hermann,4133,18068
Andrea Peron,Peron Andrea,170,18069
Ben Perry,Perry Ben,204,18090
Benjamin Perry,Perry Benjamin,70,18091
Alex Peters,Peters Alex,70,18135
Nans Peters,Peters Nans,6677,18139
Simone Petilli,Petilli Simone,2965,18156
Adrien Petit,Petit Adrien,6664,18157
Lubomir-Petrus,Petrus Lubomir,9,18201
Dimitri Peyskens,Peyskens Dimitri,1140,18222
Christoph Pfingsten,Pfingsten Christoph,200,18231
Jasper Philipsen,Philipsen Jasper,10045,18243
Logan Phippen,Phippen Logan,63,18250
Luka Pibernik,Pibernik Luka,10,18273
James Piccoli,Piccoli James,5470,18285
Andrea Piccolo,Piccolo Andrea,45,18286
Laurent Pichon,Pichon Laurent,189,18291
Thomas Pidcock,Pidcock Thomas,15318,18303
Thibaut Pinot,Pinot Thibaut,7437,18397
Laurence-Pithie,Pithie Laurence,12,18453
Baptiste Planckaert,Planckaert Baptiste,8169,18478
Edward Planckaert,Planckaert Edward,761,18479
Emiel Planckaert,Planckaert Emiel,18,18480
Charles Planet,Planet Charles,104,18483
Rick Pluimers,Pluimers Rick,54,18520
Martins Pluto,Pluto Martins,42,18526
Martins-Pluto,Pluto Martins,18,18526
Tadej Pogacar,Pogacar Tadej,16757,18544
Jan Polanc,Polanc Jan,9640,18581
Umberto Poli,Poli Umberto,11,18600
Nils Politt,Politt Nils,10823,18606
Pawel Poljanski,Poljanski Pawel,430,18610
Andrii Ponomar,Ponomar Andrii,842,18654
Richie Porte,Porte Richie,9713,18697
Rudy Porter,Porter Rudy,22,18703
Robert Power,Power Robert,5350,18779
Neilson Powless,Powless Neilson,4331,18781
Domenico Pozzovivo,Pozzovivo Domenico,10750,18794
Eduard Prades,Prades Eduard,880,18799
Nicolas Prodhomme,Prodhomme Nicolas,349,18888
Nicolas-Prodhomme,Prodhomme Nicolas,26,18888
Daniil Pronskiy,Pronskiy Daniil,3,18898
Vadim Pronskiy,Pronskiy Vadim,5479,18899
Salvatore Puccio,Puccio Salvatore,2327,18932
Dario Puccioni,Puccioni Dario,16,18933
Dario-Puccioni,Puccioni Dario,3,18933
Antonio Puppio,Puppio Antonio,45,18961
Rasmus Quaade,Quaade Rasmus,63,19000
Charlie Quarterman,Quarterman Charlie,200,19012
Charlie-Quarterman,Quarterman Charlie,8,19012
Sean-Quinn,Quinn Sean,6,19045
Dayer Quintana,Quintana Dayer,642,19047
Stephan Rabitsch,Rabitsch Stephan,8,19075
Raffaele-Radice,Radice Raffaele,50,19092
Raffaele Radice,Radice Raffaele,40,19092
Luca Raggio,Raggio Luca,14,19125
Mads Rahbek,Rahbek Mads,54,19132
Dusan Rajovic,Rajovic Dusan,23,19150
Antoine Raugel,Raugel Antoine,81,19271
Simone Ravanelli,Ravanelli Simone,1440,19282
Edward Ravasi,Ravasi Edward,1794,19283
Davide Rebellin,Rebellin Davide,41,19311
Gabriel Reguero,Reguero Gabriel,33,19360
Gabriel-Reguero,Reguero Gabriel,3,19360
Kiel Reijnen,Reijnen Kiel,675,19377
Elmar Reinders,Reinders Elmar,67,19389
Rafael Reis,Reis Rafael,126,19400
Jacob Relaes,Relaes Jacob,3,19412
Alexis Renard,Renard Alexis,692,19428
Vojtech-Repa,Repa Vojtech,9,19453
Jhonatan Restrepo,Restrepo Jhonatan,3003,19469
Mathias Reutimann,Reutimann Mathias,69,19481
Mathias-Reutimann,Reutimann Mathias,15,19481
Laurenz Rex,Rex Laurenz,2348,19488
Jens Reynders,Reynders Jens,179,19504
Jens-Reynders,Reynders Jens,26,19504
Kevin Reza,Reza Kevin,317,19515
Brendan Rhim,Rhim Brendan,67,19525
Alexandr Riabushenko,Riabushenko Alexandr,1704,19528
Matthew Riccitello,Riccitello Matthew,6,19549
Maximiliano Richeze,Richeze Maximiliano,2691,19572
Jonas Rickaert,Rickaert Jonas,6607,19580
Michel Ries,Ries Michel,971,19601
Oscar Riesebeek,Riesebeek Oscar,544,19602
Petr-Rikunov,Rikunov Petr,22,19635
Alan Riou,Riou Alan,163,19667
Alan-Riou,Riou Alan,12,19667
Kevin Rivera,Rivera Kevin,6405,19692
Samuele Rivi,Rivi Samuele,686,19696
Samuele-Rivi,Rivi Samuele,9,19696
Ludovic Robeet,Robeet Ludovic,406,19713
Oliver Robinson,Robinson Oliver,9,19747
Remy Rochas,Rochas Remy,32,19763
Nicolas Roche,Roche Nicolas,4751,19769
Frederik Rodenberg,Rodenberg Frederik,37,19781
Frederik-Rodenberg,Rodenberg Frederik,5,19781
Carlos Rodriguez,Rodriguez Carlos,182,19801
Oscar Rodriguez,Rodriguez Oscar,10,19825
Primoz Roglic,Roglic Primoz,1802,19870
Pierre Rolland,Rolland Pierre,9360,19905
Francesco Romano,Romano Francesco,84,19919
Javier Romo,Romo Javier,318,19942
Timo Roosen,Roosen Timo,9046,19977
Alejandro Ropero,Ropero Alejandro,266,19982
Diego Rosa,Rosa Diego,3881,19985
Kent-Ross,Ross Kent,63,20030
Joey Rosskopf,Rosskopf Joey,2815,20054
Lorenzo Rota,Rota Lorenzo,3220,20063
Matteo Rotondi,Rotondi Matteo,8,20076
Anthony Roux,Roux Anthony,2789,20115
Ivan Rovny,Rovny Ivan,65,20127
Luke Rowe,Rowe Luke,9006,20130
Diego Rubio,Rubio Diego,865,20171
Lukas Ruegg,Ruegg Lukas,39,20196
Ibon-Ruiz,Ruiz Ibon,38,20233
Ibon Ruiz,Ruiz Ibon,16,20233
Josip Rumac,Rumac Josip,151,20243
Max Rushby,Rushby Max,18,20264
Marek Rutkiewicz,Rutkiewicz Marek,14,20286
Jonas Rutsch,Rutsch Jonas,6901,20290
Fabio Sabatini,Sabatini Fabio,1838,20345
Juraj Sagan,Sagan Juraj,270,20382
Peter Sagan,Sagan Peter,19840,20383
Guy Sagiv,Sagiv Guy,87,20388
Szymon Sajnok,Sajnok Szymon,2471,20416
Martin Salmon,Salmon Martin,69,20461
Niccolo-Salvietti,Salvietti Niccolo,3,20483
Sergio Samitier,Samitier Sergio,2466,20493
Pelayo-Sanchez,Sanchez Pelayo,105,20544
Pelayo Sanchez,Sanchez Pelayo,65,20544
Antonio Santoro,Santoro Antonio,14,20610
Marc Sarreau,Sarreau Marc,7204,20662
Lars Saugstad,Saugstad Lars,17,20688
Daniel Savini,Savini Daniel,83,20709
Kristian Sbaragli,Sbaragli Kristian,5806,20726
Cristian Scaroni,Scaroni Cristian,94,20744
Maximilian Schachmann,Schachmann Maximilian,16355,20754
Ide Schelling,Schelling Ide,3063,20790
Patrick Schelling,Schelling Patrick,429,20792
Andreas Schillinger,Schillinger Andreas,94,20815
Michal Schlegel,Schlegel Michal,33,20833
Mauro Schmid,Schmid Mauro,596,20850
Joab Schneiter,Schneiter Joab,62,20884
Jesper Schultz,Schultz Jesper,9,20959
Nick Schultz,Schultz Nick,9,20960
Michael Schwarzmann,Schwarzmann Michael,608,20993
Callum Scotson,Scotson Callum,600,21012
Miles Scotson,Scotson Miles,519,21013
Jacob Scott,Scott Jacob,79,21017
Robert Scott,Scott Robert,9,21023
Robert-Scott,Scott Robert,6,21023
Ylber-Sefa,Sefa Ylber,12,21055
Romain Seigle,Seigle Romain,522,21073
Florian Senechal,Senechal Florian,10507,21124
Manuel Senni,Senni Manuel,5,21128
Gonzalo Serrano,Serrano Gonzalo,1755,21170
Pieter Serry,Serry Pieter,3440,21176
Evgeny Shalunov,Shalunov Evgeny,135,21219
Siarhei-Shauchenka,Shauchenka Siarhei,60,21229
James Shaw,Shaw James,1541,21231
Magnus Sheffield,Sheffield Magnus,87,21255
Magnus-Sheffield,Sheffield Magnus,9,21255
Romain Sicard,Sicard Romain,813,21343
Marcel Sieberg,Sieberg Marcel,1911,21354
Quinn Simmons,Simmons Quinn,14218,21443
Julien Simon,Simon Julien,1151,21452
Ramon Sinkeldam,Sinkeldam Ramon,5162,21480
Evaldas Siskevicius,Siskevicius Evaldas,668,21504
Evaldas SiSkevicius,SiSkevicius Evaldas,17,21504
Pavel Sivakov,Sivakov Pavel,12110,21516
Franklin Six,Six Franklin,16,21520
Anders Skaarseth,Skaarseth Anders,118,21524
Iver-Skaarseth,Skaarseth Iver,12,21525
Toms Skujins,Skujins Toms,887,21574
Torjus Sleen,Sleen Torjus,16,21598
Ivar Slik,Slik Ivar,16,21606
Ivar-Slik,Slik Ivar,3,21606
Willie Smit,Smit Willie,387,21663
Dion Smith,Smith Dion,9277,21670
Matteo Sobrero,Sobrero Matteo,2498,21720
Marc Soler,Soler Marc,12458,21761
Geoffrey Soupe,Soupe Geoffrey,492,21861
Matteo Spreafico,Spreafico Matteo,9,21937
Thomas Sprengers,Sprengers Thomas,399,21939
Riccardo Stacchiotti,Stacchiotti Riccardo,99,21964
Adam Stachowiak,Stachowiak Adam,19,21965
Nikita Stalnov,Stalnov Nikita,175,21979
Ian Stannard,Stannard Ian,2952,22001
Robert Stannard,Stannard Robert,10004,22002
Mamyr Stash,Stash Mamyr,57,22023
Maximilian Stedman,Stedman Maximilian,70,22043
Stijn Steels,Steels Stijn,3433,22048
Jannik Steimle,Steimle Jannik,3198,22089
Georg Steinhauser,Steinhauser Georg,12,22101
Jake Stewart,Stewart Jake,7738,22164
Oliver Stockwell,Stockwell Oliver,59,22215
Michael Storer,Storer Michael,9030,22252
Florian Stork,Stork Florian,104,22255
Patryk Stosz,Stosz Patryk,215,22260
Dmitry Strakhov,Strakhov Dmitry,111,22271
Jasper Stuyven,Stuyven Jasper,12914,22326
Zdenek Stybar,Stybar Zdenek,12405,22327
Dylan Sunderland,Sunderland Dylan,538,22384
Joel Suter,Suter Joel,338,22416
Rory Sutherland,Sutherland Rory,110,22418
Diether-Sweeck,Sweeck Diether,12,22471
Laurens Sweeck,Sweeck Laurens,98,22473
Harry Sweeny,Sweeny Harry,2612,22475
Ben Swift,Swift Ben,6613,22480
Connor Swift,Swift Connor,3934,22481
Wojciech Sykala,Sykala Wojciech,8,22490
Filippo Tagliani,Tagliani Filippo,605,22579
Lionel Taminiaux,Taminiaux Lionel,338,22620
Harry Tanfield,Tanfield Harry,327,22629
Harold Tejada,Tejada Harold,3354,22742
Niki Terpstra,Terpstra Niki,9967,22804
Natnael Tesfatsion,Tesfatsion Natnael,2399,22823
Jason Tesson,Tesson Jason,91,22835
Jason-Tesson,Tesson Jason,10,22835
Lennert-Teugels,Teugels Lennert,58,22842
Mike Teunissen,Teunissen Mike,10030,22846
Dylan Teuns,Teuns Dylan,13230,22847
Roland Thalmann,Thalmann Roland,501,22857
Edward Theuns,Theuns Edward,10275,22877
Cyrille-Thiery,Thiery Cyrille,15,22904
Gerben Thijssen,Thijssen Gerben,3998,22906
Benjamin Thomas,Thomas Benjamin,1086,22921
Geraint Thomas,Thomas Geraint,15275,22926
Reuben Thompson,Thompson Reuben,35,22955
Scott Thwaites,Thwaites Scott,5455,22983
Antonio Tiberi,Tiberi Antonio,358,22991
William Tidball,Tidball William,70,22998
Rasmus Tiller,Tiller Rasmus,1328,23018
Rasmus Fossum Tiller,Tiller Rasmus,484,23018
Rasmus-Tiller,Tiller Rasmus,4,23018
Marco Tizza,Tizza Marco,58,23061
Antwan Tolhoek,Tolhoek Antwan,5779,23105
Alessandro Tonelli,Tonelli Alessandro,988,23145
Albert Torres,Torres Albert,1438,23183
Hugo Toumire,Toumire Hugo,95,23225
Adam Toupalik,Toupalik Adam,700,23227
Damien Touze,Touze Damien,35,23241
Rory Townsend,Townsend Rory,224,23247
Szymon Tracz,Tracz Szymon,16,23255
Szymon-Tracz,Tracz Szymon,3,23255
Julien Trarieux,Trarieux Julien,290,23268
Jan Tratnik,Tratnik Jan,3789,23270
Matteo Trentin,Trentin Matteo,13422,23296
Oliviero Troia,Troia Oliviero,148,23333
Ben Tulett,Tulett Ben,1943,23414
Ben-Tulett,Tulett Ben,9,23414
Daniel Tulett,Tulett Daniel,9,23415
Daniel Turek,Turek Daniel,19,23430
Anthony Turgis,Turgis Anthony,10556,23432
Martijn Tusveld,Tusveld Martijn,1492,23456
Cian Uijtdebroeks,Uijtdebroeks Cian,1475,23502
Diego Ulissi,Ulissi Diego,6552,23513
Santiago Umba,Umba Santiago,419,23527
Carmelo Urbano,Urbano Carmelo,66,23554
Maxime Urruty,Urruty Maxime,28,23576
Maxime-Urruty,Urruty Maxime,26,23576
Karel Vacek,Vacek Karel,153,23611
Karel-Vacek,Vacek Karel,9,23611
Mathias Vacek,Vacek Mathias,34,23612
Ion Aberasturi,Aberasturi Jon,10,51
Roger Adrià,Adria Roger,419,115
"Alaphillipe, Julian",Alaphilippe Julian,6,289
João Almeida,Almeida Joao,12760,433
Andrés Camilo Ardila,Ardila Andres Camilo,6146,776
"Armee,Sander",Armee Sander,10,817
Sander Armée,Armee Sander,2044,817
Sander-Amree,Armee Sander,9,817
Orluis-Ailar,Aular Orluis,3,988
Fernando Barceló,Barcelo Fernando,4966,1370
Jan Bárta,Barta Jan,145,1452
William Barta,Barta Will,790,1454
"Battaglin,Enrico",Battaglin Enrico,10,1541
Samuele-Battostella,Battistella Samuele,4,1544
Samuelle Battistella,Battistella Samuele,14,1544
"Bayer, Tobias",Bayer Tobias,142,1598
Jérémy Bellicaud,Bellicaud Jeremy,94,1753
Cesare Bennedetti,Benedetti Cesare,20,1803
Clément Berthet,Berthet Clement,236,2001
Pello Bibao,Bilbao Pello,14,2171
Steffan-Bissegger,Bissegger Stefan,3,2228
Stfan-Bissegger,Bissegger Stefan,12,2228
Edvald Boasson Hagen,Boasson Hagen Edvald,11456,2327
"Boasson Hagen,Edvald",Boasson Hagen Edvald,4,2327
Niccolò Bonifazio,Bonifazio Niccolo,5909,2501
Geoffrey-Couchard,Bouchard Geoffrey,12,2694
Joen-Bouwman,Bouwman Koen,3,2772
"Brambilla,Gianluca",Brambilla Gianluca,5,2844
Matthias Brändle,Brandle Matthias,1048,2863
Sven Erik Bystrøm,Bystrom Sven Erik,6146,3372
Jérémy Cabot,Cabot Jeremy,228,3383
Jonathan K. Caicedo,Caicedo Jonathan Klever,218,3412
Jonathan Kléver Caicedo,Caicedo Jonathan Klever,1196,3412
Jonathan Klever Caicedo,Caicedo Jonathan Klever,2466,3412
Amaury-Cpaiot,Capiot Amaury,4,3615
Héctor Carretero,Carretero Hector,2143,3743
Hugh Carthy (Gbr),Carthy Hugh,6,3772
Hugh Carty,Carthy Hugh,6,3772
"Caruso,Damiano",Caruso Damiano,5,3779
Rémi Cavagna,Cavagna Remi,9074,3912
"Cepeda, Jefferson Alexander",Cepeda Jefferson Alexander,803,3987
Jefferson  Cepeda,Cepeda Jefferson Alexander,14,3987
Jefferson Alexander Cepeda,Cepeda Jefferson Alexander,3848,3987
Jefferson-Alexander-Cepeda,Cepeda Jefferson Alexander,148,3987
"Cepeda, Jefferson Alveiro",Cepeda Jefferson Alveiro,241,3988
Jefferson Alveiro Cepeda,Cepeda Jefferson Alveiro,3069,3988
Clément Champoussin,Champoussin Clement,9321,4075
"Champoussin, Clement",Champoussin Clement,20,4075
Mickaël Cherel,Cherel Mikael,1162,4184
"Chevalier, Maxime",Chevalier Maxime,13,4205
Simone-Consooni,Consonni Simone,9,4669
Magnus Cort Nielsen,Cort Magnus,9049,4804
Benoît Cosnefroy,Cosnefroy Benoit,7874,4818
Ruic-Costa,Costa Rui,4,4834
Jérôme Cousin,Cousin Jerome,281,4878
Gil Dheygere,D'heygere Gil,24,5140
Gil-D-Heygere,D'heygere Gil,4,5140
Matteo Dal-Cin,Dal-Cin Matteo,109,5206
Clément Davy,Davy Clement,95,5385
Bert De Backer,De Backer Bert,3194,5397
Stefan De Bod,De Bod Stefan,960,5418
Dries De Bondt,De Bondt Dries,6584,5427
Jasper De Buyst,De Buyst Jasper,10012,5444
Alfan-De-Decker,De Decker Alfdan,3,5470
Alfdan De Decker,De Decker Alfdan,174,5470
Aimé De Gendt,De Gendt Aime,6296,5481
Thomas De Gendt,De Gendt Thomas,12710,5483
Arvid De Kleijn,De Kleijn Arvid,255,5556
David De La Cruz,De La Cruz David,11096,5568
Víctor De La Parte,De La Parte Victor,3506,5571
Vicot-De-La-Parte,De La Parte Victor,8,5571
Arnaud De Lie,De Lie Arnaud,1322,5587
Alessandro De Marchi,De Marchi Alessandro,4650,5603
Jasper De Plus,De Plus Jasper,48,5654
Laurens De Plus,De Plus Laurens,8185,5655
Adam De Vos,De Vos Adam,12,5741
Laurens De Vreese,De Vreese Laurens,3918,5754
Mathias De Witte,De Witte Mathias,36,5791
Arnaud Démare,Demare Arnaud,11127,6068
"Démare, Arnaud",Demare Arnaud,28,6068
"Dina, Márton",Dina Marton,583,6417
Márton Dina,Dina Marton,715,6417
"Drucker,Jempy",Drucker Jempy,4,6708
Tom-Dunoulin,Dumoulin Tom,12,6820
Ben Dyball,Dyball Benjamin,19,6916
Ben-Dyball,Dyball Benjamin,5,6916
"Dyball, Benjamin",Dyball Benjamin,5,6916
Alexander Edmondson,Edmondson Alex,7522,6972
Pascal-Eenkohoorn,Eenkhoorn Pascal,8,6987
Odd Christian Eiking,Eiking Odd Christian,5445,7034
Christian Odd Eiking,Eiking Odd Christian,9,7034
Filippo-Fioelli,Fiorelli Filippo,5,7709
Finn Fisher-Black,Fisher-Black Finn,1662,7730
Finn-Fisher-Black,Fisher-Black Finn,9,7730
Omar Fraille,Fraile Omar,66,7960
"Gall, Felix",Gall Felix,30,8269
Francisco Galván,Galvan Francisco,285,8301
Francisco-Glavan,Galvan Francisco,8,8301
"Galvan, Francisco",Galvan Francisco,10,8301
Iván García Cortina,Garcia Cortina Ivan,11391,8360
"Cortina, Ivan Garcia",Garcia Cortina Ivan,6,8360
"Garcia Cotrina, Ivan",Garcia Cortina Ivan,276,8360
Jhojan García,Garcia Jhojan,838,8375
Tao Geoghegan Hart,Geoghegan Hart Tao,10718,8628
Élie Gesbert,Gesbert Elie,2945,8680
"Gesbert, Elle",Gesbert Elie,222,8680
"Gesink,Robert",Gesink Robert,10,8683
"Gloag, Thomas",Gloag Thomas,4,8904
Dorion-Godon,Godon Dorian,9,8939
André Greipel,Greipel Andre,6688,9309
Felix Großschartner,Gro?schartner Felix,9231,9370
Felix Grosschartner,Gro?schartner Felix,34,9370
Felix Grossschartner,Gro?schartner Felix,2941,9370
Thibaut Guernalec,Guernalec Thibault,12,9492
Carl Fredrik Hagen,Hagen Carl Fredrik,4774,9729
Carl-Fredrik Hagen,Hagen Carl Fredrik,10,9729
Jaakko Hänninen,Hanninen Jaakko,3761,9878
Jaako Hänninen,Hanninen Jaakko,22,9878
Lasse Norman Hansen,Hansen Lasse Norman,2484,9893
"Haussler,Heinrich",Haussler Heinrich,60,10054
"Healy, Ben",Healy Ben,4,10092
Asbjørn Hellemose,Hellemose Asbjorn,1505,10149
Sebastián Henao,Henao Sebastian,624,10169
Sebastien-Henao,Henao Sebastian,6,10169
"Henao,Sergio Luis",Henao Sergio,5,10170
Jesús Herrada,Herrada Jesus,14148,10280
Marc-Hirshi,Hirschi Marc,12,10393
Álvaro José Hodeg,Hodeg Alvaro Jose,3065,10444
Mikkel Frølich Honoré,Honore Mikkel Frolich,6607,10550
"Honore, Mikkel",Honore Mikkel Frolich,5,10550
Jonas Hvideberg,Hvideberg Jonas Iversby,63,10835
Jonas Iversby Hvideberg,Hvideberg Jonas Iversby,42,10835
"Izagirre Insausti,Gorka",Izagirre Gorka,36,11052
Jon Izagirre,Izagirre Ion,11305,11053
Ion Izagirre (Esp),Izagirre Ion,301,11053
Johanjacobs,Jacobs Johan,15,11074
Reinardt Janse Van Rensburg,Janse Van Rensburg Reinardt,6172,11182
R.J Van Rensburg,Janse Van Rensburg Reinardt,14,11182
Reinhardt V. Rensburg,Janse Van Rensburg Reinardt,690,11182
Reinhart Janse Van Rensburg,Janse Van Rensburg Reinardt,9,11182
Amund Grøndahl Jansen,Jansen Amund Grondahl,9303,11184
Quentin Jaurégui,Jauregui Quentin,390,11255
Quentin-Jauegui,Jauregui Quentin,10,11255
Anders Johannesen,Johannessen Anders Halland,18,11377
Anders-Johannessen,Johannessen Anders Halland,15,11377
"Johannessen, Tobias",Johannessen Tobias Halland,63,11379
Tobias Johannesen,Johannessen Tobias Halland,106,11379
Tobias Johannessen,Johannessen Tobias Halland,215,11379
Mathias N Jorgensen,Jorgenson Matteo,5,11474
Matteo Jorgensen,Jorgenson Matteo,4,11474
Bob-Jungelsv,Jungels Bob,12,11553
Christopher Juul-Jensen,Juul-Jensen Christopher,7320,11583
Chris Juul Jensen,Juul-Jensen Christopher,18,11583
Christopher J Jensen,Juul-Jensen Christopher,8,11583
Lennard Kämna,Kamna Lennard,6949,11676
Benjamin King,King Ben,2218,12071
Leopold König,Konig Leopold,337,12394
Asbjørn Kragh Andersen,Kragh Andersen Asbjorn,212,12578
Asbjörn Kragh Andersen,Kragh Andersen Asbjorn,10,12578
Søren Kragh Andersen,Kragh Andersen Soren,13583,12579
"Andersen, Sorenkragh",Kragh Andersen Soren,15,12579
Soren Kragh Anderson,Kragh Andersen Soren,66,12579
Soren-Jragh-Andersen,Kragh Andersen Soren,8,12579
Stefan Küng,Kung Stefan,11211,12812
Steafn-Kung,Kung Stefan,12,12812
"Kwiatkowski,Michal",Kwiatkowski Michal,5,12895
Vegard Stake Laengen,Laengen Vegard Stake,374,12963
Johan Le Bon,Le Bon Johan,1020,13310
Olivier Le Gac,Le Gac Olivier,297,13329
Mathias Le Turnier,Le Turnier Mathias,557,13373
Jérémy Lecroq,Lecroq Jeremy,1397,13430
"Leemreize, Gijs",Leemreize Gijs,5,13472
Jérémy Leveau,Leveau Jeremy,97,13671
"Liepins, Emils",Liepins Emils,49,13752
Bert-Jan Lindeman,Lindeman Bert-Jan,1038,13794
Miguel Ángel López,Lopez Miguel Angel,11709,14026
"Lutsenko,Alexey",Lutsenko Alexey,4,14218
Gino Mäder,Mader Gino,10800,14320
Ángel Madrazo,Madrazo Angel,1648,14325
Anel-Madrazo,Madrazo Angel,10,14325
Martin Toft Madsen,Madsen Martin Toft,27,14331
Rafel Majka,Majka Rafal,27,14439
Gavin Manion,Mannion Gavin,29,14570
Niklas Märkl,Markl Niklas,1014,14743
"Marquez, Marti",Marquez Marti,5,14776
Martí Márquez,Marquez Marti,224,14776
Dam-Martin,Martin Dan,79,14818
Dan Martin (Irl),Martin Dan,1848,14818
"Martin, Dan",Martin Dan,82,14818
"Martin, Daniel",Martin Dan,2583,14818
Gotzon Martín,Martin Gotzon,1030,14824
"Martin, Gotzon",Martin Gotzon,40,14824
Daniel Felipe Martínez,Martinez Daniel Felipe,4955,14860
Dabiel-Martinez,Martinez Daniel Felipe,8,14860
Daniel Felipe Martinez Poveda,Martinez Daniel Felipe,535,14860
Daniel Martínez,Martinez Daniel Felipe,1778,14860
Daniel Martinez,Martinez Daniel Felipe,1701,14860
Daniel-Martinez,Martinez Daniel Felipe,2752,14860
Daniel-Mart-Nez,Martinez Daniel Felipe,280,14860
"Martinez, Daniel",Martinez Daniel Felipe,28,14860
"Martinez, Daniel Felipe",Martinez Daniel Felipe,2345,14860
Enric Mas Nicolau,Mas Enric,11979,14923
"Masnada, Fausto`",Masnada Fausto,4,14945
"Masnada,Fausto",Masnada Fausto,5,14945
Luis Ángel Maté,Mate Luis Angel,1384,14980
Travis Mc Cabe,Mccabe Travis,1265,15119
Jay Mc Carthy,Mccarthy Jay,795,15131
Brandon Mc Nulty,Mcnulty Brandon,11729,15238
Juan Sebastián Molano,Molano Juan Sebastian,4073,15886
Rudy Mollard,Molard Rudy,24,15888
Alexander-Molenaar,Molenaar Alex,9,15891
Bauka Mollema,Mollema Bauke,14,15906
Sebastián Mora,Mora Sebastian,145,16020
Iván Moreno,Moreno Ivan,103,16067
Ivan-Moreno-Sanchez,Moreno Ivan,9,16067
Michael Mørkøv,Morkov Michael,4598,16116
Michal-Morkov,Morkov Michael,3,16116
Gregor Mühlberger,Muhlberger Gregor,7617,16278
Hideto Nekane,Nakane Hideto,14,16494
Jhonatan Narváez,Narvaez Jhonatan,6207,16533
Johnatan Cañaveral,Narvaez Jhonatan,20,16533
Johonatan-Narvaez,Narvaez Jhonatan,3,16533
Dani-Navarro,Navarro Daniel,9,16558
Gaicomo-Nizzolo,Nizzolo Giacomo,36,16827
"Nizzolo, Giacomo",Nizzolo Giacomo,897,16827
Ben O Connor,O'connor Ben,45,17028
Ben Oconnor (Aus),O'connor Ben,8,17028
"Oconnor, Ben",O'connor Ben,138,17028
"Pacher,Quentin",Pacher Quentin,5,17465
Aurélien Paret-Peintre,Paret-Peintre Aurelien,7637,17633
"Paret-Paintre, Aurelien",Paret-Peintre Aurelien,382,17633
Valentin Paret-Peintre,Paret-Peintre Valentin,9,17634
Barnabás Peák,Peak Barnabas,375,17833
Pierre-Luc Périchon,Perichon Pierre-Luc,1398,18048
Herman Pernsteiner,Pernsteiner Hermann,121,18068
Hermann-Pernsetienier,Pernsteiner Hermann,5,18068
Tom Pidcock,Pidcock Thomas,264,18303
Tom-Pidcock,Pidcock Thomas,5,18303
Lucas Plapp,Plapp Luke,1475,18488
Wouter Poels,Poels Wout,12077,18538
Woter-Poels,Poels Wout,10,18538
Lukas Pöstlberger,Postlberger Lukas,8116,18725
Seán Quinn,Quinn Sean,12,19045
Nairo Quintana Rojas,Quintana Nairo,10087,19048
"Quintana,Nairo",Quintana Nairo,10,19048
Mihkel Räim,Raim Mihkel,197,19139
Sébastien Reichenbach,Reichenbach Sebastien,8503,19368
"Reichenbach, Sébastien",Reichenbach Sebastien,138,19368
"Rivera, Brandon Smith",Rivera Brandon Smith,5,19688
Rémy Rochas,Rochas Remy,2394,19763
"Rochas, Remy",Rochas Remy,142,19763
João Rodrigues,Rodrigues Joao,18,19793
Carlos Rodríguez,Rodriguez Carlos,5107,19801
Carlos Rodriguez Cano,Rodriguez Carlos,535,19801
Cristián Rodríguez,Rodriguez Cristian,1048,19802
Óscar Rodríguez,Rodriguez OScar,9474,19825
Jürgen Roelandts,Roelandts Jurgen,3060,19847
Primož Roglic,Roglic Primoz,14548,19870
José Joaquín Rojas,Rojas Jose Joaquin,5662,19885
"Rojas, José Joaquín",Rojas Jose Joaquin,560,19885
Tim-Roosen,Roosen Timo,39,19977
Stéphane Rossetto,Rossetto Stephane,600,20039
"Roux,Anthony",Roux Anthony,9,20115
Clément Russo,Russo Clement,4324,20277
"Sagan,Peter",Sagan Peter,5,20383
Luis León Sánchez,Sanchez Luis Leon,10640,20537
"Leon Sanchez, Luis",Sanchez Luis Leon,53,20537
"Sánchez, Luis Leon",Sanchez Luis Leon,220,20537
Max Schachmann,Schachmann Maximilian,5,20754
Maximillian Schachmann,Schachmann Maximilian,189,20754
Michael Schär,Schar Michael,6602,20766
"Schmid, Mauro",Schmid Mauro,135,20850
Sebastian Schönberger,Schonberger Sebastian,160,20905
Nicholas Schultz,Schultz Nick,3940,20960
"Scotson,Callum",Scotson Callum,5,21012
Thomas Scully,Scully Tom,307,21031
Rüdiger Selig,Selig Rudiger,1396,21098
Edoardo-Sepulveda,Sepulveda Eduardo,5,21142
Eduardo Sepúlveda,Sepulveda Eduardo,2684,21142
Toms Skujinš,Skujins Toms,6107,21574
"Soler,Marc",Soler Marc,4,21761
Iván Ramiro Sosa,Sosa Ivan Ramiro,9683,21828
Jake-Stewardt,Stewart Jake,15,22164
"Stybar,Zdenek",Stybar Zdenek,5,22327
Jasha Sütterlin,Sutterlin Jasha,8960,22420
Rein Taaramäe,Taaramae Rein,7285,22553
Niki-Terpsta,Terpstra Niki,36,22804
"Tesfatsion, Natnael",Tesfatsion Natnael,15,22823
"Teuns, Dylan",Teuns Dylan,897,22847
Rolan-Thalmann,Thalmann Roland,4,22857
Reuben Thomson,Thompson Reuben,12,22955
Antwan-Tolhoeck,Tolhoek Antwan,4,23105
"Tonelli,Alessandro",Tonelli Alessandro,10,23145
"Torres, Albert",Torres Albert,5,23183
Damien Touzé,Touze Damien,1846,23241
"Touze,Damien",Touze Damien,12,23241
Torstein Træen,Traen Torstein,48,23256
"Tulett, Ben",Tulett Ben,20,23414
Rigoberto Urán,Uran Rigoberto,10990,23549
Norman Vahtra,Vahtra Norman,188,23624
Petr Vakoc,Vakoc Petr,2047,23640
Michael Valgren,Valgren Michael,13774,23672
Boris Vallée,Vallee Boris,213,23682
Rafael Valls,Valls Rafael,4554,23690
Attila Valter,Valter Attila,8552,23699
Alejandro Valverde,Valverde Alejandro,17914,23704
Wout Van Aert,Van Aert Wout,19777,23720
Tom Van Asbroeck,Van Asbroeck Tom,9255,23728
"Van Asbroeck,Tom",Van Asbroeck Tom,5,23728
Greg Van Avermaet,Van Avermaet Greg,18961,23730
Greg-Van-Avermat,Van Avermaet Greg,8,23730
Dylan Van Baarle,Van Baarle Dylan,10764,23732
Lars Van Den Berg,Van Den Berg Lars,562,23846
Lars Van Der Haar,Van Den Berg Lars,88,23846
Lars-Van-Den-Berg,Van Den Berg Lars,3,23846
Marijn Van Den Berg,Van Den Berg Marijn,3255,23848
Fabio Van Den Bossche,Van Den Bossche Fabio,2312,23865
Taco Van Der Hoorn,Van Der Hoorn Taco,7064,23922
Taco Van Der Hoon,Van Der Hoorn Taco,4,23922
David Van Der Poel,Van Der Poel David,55,23951
Mathieu Van Der Poel,Van Der Poel Mathieu,18115,23953
M Van Der Poel,Van Der Poel Mathieu,4,23953
Tosh Van Der Sande,Van Der Sande Tosh,2614,23957
Mick Van Dijke,Van Dijke Mick,3265,24005
Tim Van Dijke,Van Dijke Tim,54,24006
Jos Van Emden,Van Emden Jos,4831,24049
Etienne Van Empel,Van Empel Etienne,280,24050
Tejay Van Garderen,Van Garderen Tejay,7776,24060
Dries Van Gestel,Van Gestel Dries,3805,24066
Driss-Van-Gestel,Van Gestel Dries,9,24066
Maxim Van Gils,Van Gils Maxim,1027,24073
Gijs Van Hoecke,Van Hoecke Gijs,4567,24108
Nathan Van Hooydonck,Van Hooydonck Nathan,4833,24119
Corné Van Kessel,Van Kessel Corne,3619,24139
Bert Van Lerberghe,Van Lerberghe Bert,6996,24159
Brent Van Moer,Van Moer Brent,2283,24192
Brent-Van-More,Van Moer Brent,49,24192
Bren-Van-Moer,Van Moer Brent,26,24192
Boy Van Poppel,Van Poppel Boy,4642,24228
Danny Van Poppel,Van Poppel Danny,9962,24229
Aaron Van Poucke,Van Poucke Aaron,53,24233
Jan-Willem Van Schip,Van Schip Jan-Willem,4513,24266
Stan Van Tricht,Van Tricht Stan,1149,24290
Casper Van Uden,Van Uden Casper,18,24292
Ilan Van Wilder,Van Wilder Ilan,5323,24308
Toon Vandebosch,Vandebosch Toon,16,24350
Henri Vandenabeele,Vandenabeele Henri,1666,24364
Henri-Vandenabeele,Vandenabeele Henri,12,24364
Stijn Vandenbergh,Vandenbergh Stijn,1915,24365
Nathan-Vandepitte,Vandepitte Nathan,12,24387
Jelle Vanendert,Vanendert Jelle,2510,24435
Ward Vanhoof,Vanhoof Ward,109,24455
Harm Vanhoucke,Vanhoucke Harm,9799,24456
Sep Vanmarcke,Vanmarcke Sep,10259,24466
Mauri Vansevenant,Vansevenant Mauri,7127,24483
Mauri-Vansevenant,Vansevenant Mauri,5,24483
Pieter Vanspeybrouck,Vanspeybrouck Pieter,242,24486
Michael Vanthourenhout,Vanthourenhout Michael,88,24500
Michael-Vanthourenhout,Vanthourenhout Michael,3,24500
Maxime Vantomme,Vantomme Maxime,8,24502
Simone Velasco,Velasco Simone,2476,24613
Nicola Venchiarutti,Venchiarutti Nicola,1215,24638
Nicola-Venchiarutti,Venchiarutti Nicola,5,24638
Andrea Vendrame,Vendrame Andrea,5303,24644
Quentin-Venner,Venner Quentin,12,24653
Clement Venturini,Venturini Clement,5,24667
Clément Venturini,Venturini Clement,5107,24667
Otto Vergaerde,Vergaerde Otto,204,24738
Kevin Vermaerke,Vermaerke Kevin,472,24792
"Vermaerke, Kevin",Vermaerke Kevin,30,24792
Florian Vermeersch,Vermeersch Florian,7484,24799
Gianni Vermeersch,Vermeersch Gianni,9470,24800
Emiel Vermeulen,Vermeulen Emiel,241,24811
Emiel-Vermeulen,Vermeulen Emiel,4,24811
Julien Vermote,Vermote Julien,2841,24825
Ethan Vernon,Vernon Ethan,2187,24831
Carlos Verona,Verona Carlos,2695,24832
Alessandro Verre,Verre Alessandro,14,24839
Viktor Verschaeve,Verschaeve Viktor,43,24847
Louis Vervaeke,Vervaeke Louis,1856,24878
Xandres Vervloesem,Vervloesem Xandres,62,24881
Aaron Verwilst,Verwilst Aaron,13,24888
Marti Del Vigo,Vigo Marti,370,24983
Marti-Del-Vigo,Vigo Marti,80,24983
Marti-Vigo,Vigo Marti,69,24983
Ricardo Vilela,Vilela Ricardo,223,24999
Davide Villella,Villella Davide,2199,25021
Jay Vine,Vine Jay,1220,25035
Jay-Vine,Vine Jay,40,25035
"Vine, Jay",Vine Jay,12,25035
Jonas Vingegaard,Vingegaard Jonas,9877,25038
Emil Vinjebo,Vinjebo Emil,1315,25041
Giovanni Visconti,Visconti Giovanni,6467,25060
Attilio Viviani,Viviani Attilio,1035,25091
Elia Viviani,Viviani Elia,10308,25092
Aleksandr Vlasov,Vlasov Aleksandr,11362,25098
Alaxander-Vlasov,Vlasov Aleksandr,10,25098
Loïc Vliegen,Vliegen Loic,7544,25107
Alexis Vuillermoz,Vuillermoz Alexis,6159,25242
Luca Wackermann,Wackermann Luca,1433,25268
Max Walker,Walker Max,38,25310
Kacper Walkowiak,Walkowiak Kacper,8,25313
Jelle Wallays,Wallays Jelle,6741,25315
Matthew Walls,Walls Matthew,4208,25327
Maximilian Walscheid,Walscheid Max,9791,25332
"Walscheld, Maxmillan",Walscheid Max,276,25332
Philipp Walsleben,Walsleben Philipp,83,25343
Frederik Wandahl,Wandahl Frederik,42,25356
Larry Warbasse,Warbasse Larry,2903,25384
Lawrence Warbasse,Warbasse Larry,227,25384
Jordi Warlop,Warlop Jordi,2124,25400
"Warlop, Jordi",Warlop Jordi,15,25400
Samuel Watson,Watson Samuel,67,25432
Sasha Weemaes,Weemaes Sasha,280,25472
Pieter Weening,Weening Pieter,267,25474
Tim Wellens,Wellens Tim,13485,25503
Bram Welten,Welten Bram,263,25506
James Whelan,Whelan James,1919,25558
James-Wheelan,Whelan James,5,25558
Thimo Willems,Willems Thimo,21,25655
Stephen Williams,Williams Stephen,2015,25676
Luc Wirtgen,Wirtgen Luc,131,25723
Tom Wirtgen,Wirtgen Tom,57,25724
Lukasz Wisniowski,Wisniowski Lukasz,5792,25730
Justin Wolf,Wolf Justin,27,25761
Justin-Wolf,Wolf Justin,3,25761
Reece Wood,Wood Reece,12,25785
Michael Woods,Woods Michael,10693,25793
Enzo Wouters,Wouters Enzo,132,25812
Fred Wright,Wright Fred,3514,25826
"Wright, Fred",Wright Fred,126,25826
Paul Wright,Wright Paul,69,25831
Cameron Wurf,Wurf Cameron,186,25849
Mads Würtz Schmidt,Wurtz Schmidt Mads,9115,25852
Mads Wurtz Schmidt,Wurtz Schmidt Mads,25,25852
Maarten Wynants,Wynants Maarten,1975,25862
Danilo Wyss,Wyss Danilo,288,25871
Adam Yates,Yates Adam,10434,25929
Simon Yates,Yates Simon,13075,25933
Rick Zabel,Zabel Rick,3756,26032
Ilnur Zakarin,Zakarin Ilnur,9209,26064
"Zakarin,Ilnur",Zakarin Ilnur,10,26064
Artyom Zakharov,Zakharov Artyom,63,26067
Filippo Zana,Zana Filippo,1123,26095
Filippo-Zana,Zana Filippo,5,26095
Edoardo Zardini,Zardini Edoardo,565,26148
Andrey Zeits,Zeits Andrey,781,26186
Georg Zimmermann,Zimmermann Georg,3152,26277
Axel Zingle,Zingle Axel,770,26283
Manuel Zobrist,Zobrist Manuel,8,26299
Samuele Zoccarato,Zoccarato Samuele,1389,26302
Samuele-Zoccarato,Zoccarato Samuele,5,26302
"Zoccarato, Samuele",Zoccarato Samuele,15,26302
Nickolas Zukowsky,Zukowsky Nickolas,12,26347
Federico Zurlo,Zurlo Federico,27,26369
Ben Zwiehoff,Zwiehoff Ben,3726,26383
"Zwiehoff, Ben",Zwiehoff Ben,5,26383
Jon-Averasturi,Aberasturi Jon,12,51
"Alonso, Mikel",Alonso Mikel,3,450
Andres C.Ardila,Ardila Andres Camilo,26,776
"Aular, Orluis",Aular Orluis,4,988
"Azparren, Xabier Mikel",Azparren Xabier Mikel,16,1054
Arits Bagues,Bagues Aritz,5,1159
Aritz Bagües,Bagues Aritz,876,1159
Julien Bérard,Bernard Julien,2610,1954
Cédric Beullens,Beullens Cedric,2617,2070
François Bidard,Bidard Francois,1124,2127
Joni Brandão,Brandao Joni,15,2858
André Carvalho,Carvalho Andre,309,3784
Josef Cerný,Cerny Josef,1549,4007
"Cortnielsen, Magnus",Cort Magnus,9,4804
Alessandro Covo,Covi Alessandro,5,4897
Alessandro-Covo,Covi Alessandro,20,4897
"De Bock, Stijn",De Bock Stijn,16,5415
Aime-De-Gent,De Gendt Aime,21,5481
Kenny De Ketele,De Ketele Kenny,97,5551
Koen De Kort,De Kort Koen,3257,5564
"De Lacruz, David",De La Cruz David,10,5568
Floris De Tier,De Tier Floris,1863,5717
Benjamin De Clercq,Declercq Benjamin,15,5858
José Manuel Díaz,Diaz Jose Manuel,226,6356
"Dibben,Jonathan",Dibben Jonathan,4,6362
Jo-Dombroswki,Dombrowski Joe,80,6519
"Lloyd Dombrowski, Joseph",Dombrowski Joe,180,6519
Julien El Fares,El Fares Julien,591,7060
Alessandro Fedelli,Fedeli Alessandro,29,7493
Alessandro-Fedelli,Fedeli Alessandro,5,7493
César Fonte,Fonte Cesar,6,7844
Kilian-Frankint,Frankiny Kilian,12,7998
Fererik-Frison,Frison Frederik,36,8089
"Garrison, Ian",Garrison Ian,5,8439
"Gatto,Oscar",Gatto Oscar,8,8485
"Grossschartner,Felix",Gro?schartner Felix,4,9370
Kaden Grooves,Groves Kaden,399,9425
José Herrada,Herrada Jose,1234,10281
"Kooij, Olav",Kooij Olav,15,12416
"Kruijswijk,Steven",Kruijswijk Steven,5,12696
"Küng,Stefan",Kung Stefan,8,12812
Mathieu Ladagnous,Ladagnous Matthieu,5025,12956
"Lampert, Yves",Lampaert Yves,276,13060
Kévin Ledanois,Ledanois Kevin,190,13432
Emile-Liepins,Liepins Emils,18,13752
Emils Liepinš,Liepins Emils,232,13752
Juan José Lobato,Lobato Juan Jose,60,13891
Juan Pedro López,Lopez Juan Pedro,2393,14021
Juan-Lopez,Lopez Juan Pedro,14,14021
Guilllaume-Martin,Martin Guillaume,10,14826
Daniel Mc Lay,Mclay Daniel,1018,15217
Alax-Molenarr,Molenaar Alex,10,15891
Jonathan-Narvaez,Narvaez Jhonatan,5,16533
Daniel Nazarro,Navarro Daniel,10,16558
Juan Felipe Osorio,Osorio Juan Felipe,355,17360
Juan-Felipe-Osorio,Osorio Juan Felipe,10,17360
José Félix Parra,Parra Jose Felix,72,17683
Jose Felix Parra,Parra Jose Felix,31,17683
Jose-Felix-Parra,Parra Jose Felix,12,17683
Brandon Rivera,Rivera Brandon Smith,242,19688
Diego-Roasa,Rosa Diego,4,19985
Julius Van Den Berg,Van Den Berg Julius,3267,23845
Adne Van Engelen,Van Engelen Adne,17,24053
Guillaume Van Keirsbulck,Van Keirsbulck Guillaume,3008,24136
Kevin Van Melsen,Van Melsen Kevin,186,24187
Boy-Van-Oppel,Van Poppel Boy,21,24228
Kenneth Van Rooy,Van Rooy Kenneth,397,24252
Jelle-Venendert,Vanendert Jelle,36,24435
Jona-Vingegaard,Vingegaard Jonas,10,25038
Giovanni-Viscont,Visconti Giovanni,5,25060
Jon Aberasturi Izaga,Aberasturi Jon,2022,51
Xabier Azparren,Azparren Xabier Mikel,24,1054
Xabier Mikel Azparren,Azparren Xabier Mikel,204,1054
Xabier-Mikel-Azparren,Azparren Xabier Mikel,44,1054
Sean De Bie,De Bie Sean,1529,5408
Stijn De Bock,De Bock Stijn,31,5415
Théo Delacroix,Delacroix Theo,274,5966
Jose-Manuel-Diaz-Callego,Diaz Jose Manuel,9,6356
Stake-Vergard-Laengen,Laengen Vegard Stake,3,12963
Jonathan Lastra Martínez,Lastra Jonathan,1242,13194
Juan José Lobato Del Valle,Lobato Juan Jose,1237,13891
Lluís Mas Bonet,Mas Lluis,296,14924
Tom-Jelte Slagter,Slagter Tom-Jelte,776,21584
"Vanbaarle, Dylan",Van Baarle Dylan,4,23732
Julien Van Den Brande,Van Den Brande Julien,3,23868
"Van Schip,Jan-Willem",Van Schip Jan-Willem,6,24266
"Wandahl, Frederik",Wandahl Frederik,12,25356
Syver Wærsted,Warsted Syver,21,25414
"Williams, Stephen",Williams Stephen,488,25676
Einar Augusto Rubio Reyes,Rubio Einer Augusto,6692,20172
Miguel Eduardo Flórez López,Florez Miguel Eduardo,5546,7785
Erik Baška,Baska Erik,720,1495
Diego Andrés Camargo,Camargo Diego Andres,843,3489
Jonas Gregaard Wilsly,Gregaard Jonas,1809,9294
Einer Rubio,Rubio Einer Augusto,296,20172
Nick Van Der Lijke,Van Der Lijke Nick,640,23928
Jonas Van Genechten,Van Genechten Jonas,2171,24063
Michael Van Staeyen,Van Staeyen Michael,1118,24279
Biniam Ghirmay,Girmay Hailu Biniam,3751,#N/A
Serghei Tvetcov,?vetcov Serghei,151,2
Juan Diego Alba,Alba Juan Diego,3423,297
Fernando Barcelo Aragon,Barcelo Fernando,535,1370
Matthieu Burgaudeau,Burgaudeau Mathieu,266,3267
Mickaël Delage,Delage Mickael,227,5972
Nicholas Dlamini,Dlamini Nic,101,6453
Iñigo Elosegui,Elosegui Inigo,156,7102
Rubén Fernández,Fernandez Ruben,1253,7571
Amanuel Gebrezgabihier,Ghebreigzabhier Amanuel,1567,8705
Abner González,Gonzalez Abner,213,9059
Eduard-Michael Grosu,Grosu Eduard-Michael,1018,9420
Eduardo-Grosu,Grosu Eduard-Michael,36,9420
Simon Gugliemli,Guglielmi Simon,105,9523
Juri Hollman,Hollmann Juri,83,10514
Rémy Mertz,Mertz Remy,301,15473
Mathias Norsgaard Jørgensen,Norsgaard Mathias,3005,16900
Evaldas Šiškevicius,Siskevicius Evaldas,1836,21504
"Siskevicius, Evaldas",Siskevicius Evaldas,680,21504
Mattias Skjelmose Jensen,Skjelmose Jensen Mattias,1993,21542
Mattias-Skelmose,Skjelmose Jensen Mattias,83,21542
Mathias Skjelmose,Skjelmose Jensen Mattias,34,21542
Søren Wærenskjold,Warenskjold Soren,42,25398
Kenneth Van Bilsen,Van Bilsen Kenneth,2308,#N/A
Sergey Chernetskiy,Chernetskiy Sergey,2153,#N/A
Óscar Cabedo Cardá,Cardá ,1398,#N/A
Francisco Ventoso,Ventoso Francisco,1004,#N/A
Soren Waerenskjold,Warenskjold Soren,803,25398
Antonio Jesús Soto,Soto Antonio,748,#N/A
Álvaro Cuadros,Cuadros ,667,#N/A
Pelayo Sánchez,nchez Pelayo,620,#N/A
Damen Novak,Novak Damen,612,#N/A
Jesús Ezquerra,Ezquerra Jesús,538,#N/A
Miguel Angel Lopez Moreno,Moreno Miguel,511,#N/A
Lorenzo Manzin,Manzin Lorenzo,475,#N/A
Daniel Muñoz,oz Daniel,416,#N/A
José Gonçalves,alves Jos,407,#N/A
Nelson Soto,Soto Nelson,404,#N/A
Joan Bou Company,Company Joan,385,#N/A
Héctor Sáez,ez H,372,#N/A
David López Garcia,Garcia David,337,#N/A
David González,lez David,335,#N/A
Sergio Roman Martin,Martin Sergio,330,#N/A
Sébastien Grignard,Grignard S,293,#N/A
Cristian Camilo Muñoz,oz Cristian,273,#N/A
Enrique Sanz Unzué,Unzué Enrique,267,#N/A
Simon-Carrrudy-Molard,Molard Simon,258,#N/A
Delio Fernández,ndez Delio,236,#N/A
Nicolas Zukowsky,Zukowsky Nicolas,199,#N/A
Diego López,pez Diego,178,#N/A
Edwin Ávila,vila Edwin,172,#N/A
Alexandar Richardson,Richardson Alexandar,158,#N/A
Gianni-Moscontomasz-Marczynski,Marczynski Gianni,158,#N/A
Morne Van Niekerk,Niekerk Morne,150,#N/A
Erik Nordsæter Resell,Resell Erik,147,#N/A
"Amezqueta, Julen",Julen Amezqueta,124,#N/A
Isaac Cantón,n Isaac,115,#N/A
Rest Of Field,Field Rest,114,#N/A
Eddy Finé,Finé Eddy,111,#N/A
Nicholas Prodhomme,Prodhomme Nicholas,103,#N/A
Jesus Antonio Soto,Soto Jesus,93,#N/A
Erik Resell,Resell Erik,90,#N/A
Any Other In The Field,Field Any,83,#N/A
Manuel Peñalver,alver Manuel,81,#N/A
Txomin Juaristi Arrieta,Arrieta Txomin,80,#N/A
No,No No,75,#N/A
Yes,Yes Yes,75,#N/A
Joel Nicolau Beltran,Beltran Joel,74,#N/A
Álex Jaime,Jaime ,69,#N/A
Aksel Nõmmela,Nõmmela Aksel,69,#N/A
Dušan Rajovic,Rajovic Du,69,#N/A
Harold Lopez,Lopez Harold,69,#N/A
Juan Carlos Lopez,Lopez Juan,69,#N/A
Ulises Castillo,Castillo Ulises,69,#N/A
Francesco Di Felice,Felice Francesco,68,#N/A
Diego-Sevilla,Sevilla Diego,66,#N/A
Sergio Román Martin,Martin Sergio,66,#N/A
"Charmig, Anthon",Charmig Anthon,63,4116
Cormac Mc Geough,Mcgeough Cormac,63,15176
Péter Kusztor,Kusztor P,63,#N/A
"Canal, Carlos",Carlos Canal,62,#N/A
"Okamika, Ander",Okamika Ander,62,17139
"Sanchez, Pelayo",Pelayo Sanchez,62,#N/A
Ludwig De Winter,De Winter Ludwig,60,5787
Ruben-Apres,Apres Ruben,60,#N/A
Cyrille Thièry,Thièry Cyrille,59,#N/A
Jordi López,pez Jordi,59,#N/A
Pier-André Côté,Côté Pier,58,#N/A
Adam Holm Jorgensen,Jorgensen Adam,54,#N/A
Clément Carisey,Carisey Cl,54,#N/A
Jeppe Pallesen,Pallesen Jeppe,54,#N/A
Magnus Bak Klaris,Klaris Magnus,54,#N/A
Nicolai Brøchner,Brøchner Nicolai,54,#N/A
Pier-Andre  Cote,Cote Pier,51,#N/A
Jacob Hindsgaul,Hindsgaul Jacob,50,#N/A
Daniel Alejandro Mendez,Mendez Daniel,49,#N/A
César Martingil,Martingil C,48,#N/A
Nícolas Sessler,Sessler N,48,#N/A
Sava Novikov,Novikov Sava,47,#N/A
Juan Fernando Calle,Calle Juan,46,#N/A
Kack-Bauer,Bauer Kack,45,#N/A
Raúl García,a Raúl,45,#N/A
Francesco Bongiorno,Bongiorno Francesco,43,#N/A
Paolo Totò,Totò Paolo,43,#N/A
Jefferson-Cepeda,Cepeda Jefferson,42,#N/A
Karel Hník,k Karel,42,#N/A
Mulu Hailemichael,Hailemichael Mulu,41,#N/A
"Tagliani, Filippo",Filippo Tagliani,40,#N/A
Vyacheslav Kuznetsov,Kuznetsov Vyacheslav,39,#N/A
"Devreese, Laurens",Laurens Devreese,36,#N/A
Lubomír Petrus,Petrus Lubom,36,#N/A
Brent-Van-De-Kerkhove,Kerkhove Brent,35,#N/A
Adrien-Guilonnet,Guilonnet Adrien,34,#N/A
Ben Gauster,Gauster Ben,34,#N/A
Thibaut Ferrasse,Ferrasse Thibault,34,#N/A
Jose-Felix-Cuerda,Cuerda Jose,33,#N/A
Muhammad-Rosli,Rosli Muhammad,33,#N/A
Tobias-Ludviggson,Ludviggson Tobias,32,#N/A
Cedric-Beullebs,Beullebs Cedric,30,#N/A
"Hindsgaul Madsen, Jacob",Jacob Hindsgaul,30,#N/A
Lucas De Rossi,Rossi Lucas,30,#N/A
Milan Vader,Vader Milan,30,#N/A
Rait Ärm,rm Rait,30,#N/A
Tomasz-Marczynskierik-Fetter,Fetter Tomasz,30,#N/A
"Tesson, Jason",Jason Tesson,29,#N/A
Anthony Julien,Julien Anthony,28,#N/A
Atillo-Viviani,Viviani Atillo,28,#N/A
Dmitry Gruzdev,Gruzdev Dmitry,28,#N/A
Maxime De Poorter,Poorter Maxime,28,#N/A
Nicolas Dalla Valle,Valle Nicolas,28,#N/A
Óscar Pelegrí,Pelegrí ,27,#N/A
Cruffud Lewis,Lewis Cruffud,27,#N/A
Erik-Resell,Resell Erik,27,#N/A
František Sisr,Sisr Franti,27,#N/A
Jose Etxeberria,Etxeberria Jose,27,#N/A
Alan Riuo,Riuo Alan,26,#N/A
Callum Johnston,Johnston Callum,26,#N/A
Diego Andres Camargo,Camargo Diego,26,#N/A
Enrique-Aanz,Aanz Enrique,26,#N/A
Fabian Grellier,Grellier Fabian,26,#N/A
Paul Lapeire,Lapeire Paul,26,#N/A
Romain-Siegle,Siegle Romain,26,#N/A
Sebastian Grignard,Grignard Sebastian,26,#N/A
Victor Koretzky,Koretzky Victor,26,#N/A
Daniel-Alejandro-Mendez,Mendez Daniel,25,#N/A
Gustavo César Veloso,Veloso Gustavo,24,#N/A
Marc Brustenga,Brustenga Marc,24,#N/A
Riccardo Serrano,Serrano Riccardo,24,#N/A
Carlos Garcia Pierna,Pierna Carlos,23,#N/A
Daniel-Mendez,Mendez Daniel,23,#N/A
"Martin, Sergio Roman",Roman Martin,22,#N/A
"Šiškevicius, Evaldas",Evaldas ,21,#N/A
Luri Filosi,Filosi Luri,21,#N/A
Yeori-Havik,Havik Yeori,21,#N/A
"Christensen, Ryan",Ryan Christensen,20,#N/A
Fabien Lienhard,Lienhard Fabien,20,#N/A
Mattias-Skjelmose,Skjelmose Mattias,20,#N/A
Natnael-Tesfatsiondylan-Van-Baarle,Baarle Natnael,20,#N/A
Omar-Frailesilvan-Dillier,Dillier Omar,20,#N/A
"Tejada, Harold",Harold Tejada,20,#N/A
Antonio Jesus Soto,Soto Antonio,19,#N/A
Eduard-Grossu,Grossu Eduard,19,#N/A
Laurens-Juys,Juys Laurens,19,#N/A
Reik-Frisk,Frisk Reik,19,#N/A
Soren-Waerenskjold,Waerenskjold Soren,18,#N/A
"SiSkevicius, Evaldas",Evaldas SiSkevicius,17,#N/A
Jeen De Jong,Jong Jeen,16,#N/A
"Lopez, Diego",Diego Lopez,16,#N/A
Mel Van Der Veekens,Veekens Mel,16,#N/A
Niccolò Salvietti,Salvietti Niccol,16,#N/A
Per Münstermann,nstermann Per,16,#N/A
Ricardo Serrano,Serrano Ricardo,16,#N/A
Viktor Filutás,s Viktor,16,#N/A
Alejandro Marque,Marque Alejandro,15,#N/A
Eduard M. Grosu,Grosu Eduard,15,#N/A
"Egholm, Jakob",Jakob Egholm,15,#N/A
"Elosegui, Inigo",Inigo Elosegui,15,#N/A
"Fetter, Erik",Erik Fetter,15,#N/A
Garikoits Bravo,Bravo Garikoits,15,#N/A
"Kuhn, Kevin",Kevin Kuhn,15,#N/A
"Marchand, Gianni",Gianni Marchand,15,#N/A
Nicholas Zukowski,Zukowski Nicholas,15,#N/A
"Riou, Alan",Alan Riou,15,#N/A
Scott Davis,Davis Scott,15,#N/A
Yevgeniy Federov,Federov Yevgeniy,15,#N/A
Einer Augusto Rubio,Rubio Einer,14,#N/A
Erik Frisk Bergström,m Erik,14,#N/A
Mathias Norsgaard Jörgensen,rgensen Mathias,14,#N/A
Andres-Schillinger,Schillinger Andres,13,#N/A
Léo Vincent,Vincent L,13,#N/A
Anthony-Julien,Julien Anthony,12,#N/A
Iúri Leitão,o Iúri,12,#N/A
Inigo Elesegui,Elesegui Inigo,12,#N/A
Joab-Schneter,Schneter Joab,12,#N/A
Luís Gomes,Gomes Lu,12,#N/A
"Mirza, Yousef Mohamed",Mohamed Mirza,12,#N/A
"Perry, Ben",Ben Perry,12,#N/A
Philiip-Walsleben,Walsleben Phillip,12,#N/A
Rob-Powerv,Power Rob,12,#N/A
"Vervloesem, Xandres",Xandres Vervloesem,12,#N/A
Sondre Holst Enger,Enger Sondre,11,#N/A
Yuri-Natarov,Natarov Yuri,11,#N/A
Clément Chevrier,Chevrier Cl,10,#N/A
Doomen-Novak,Novak Doomen,10,#N/A
Einer-Rubio,Rubio Einer,10,#N/A
Enrico-Mad,Mad Enrico,10,#N/A
Francesco De Felice,Felice Francesco,10,#N/A
Hernán Ricardo Aguirre,Aguirre Hern,10,#N/A
"Lonardi,Giovanni",Giovanni Lonardi,10,#N/A
"Maurelet, Flavien",Flavien Maurelet,10,#N/A
Omar Mendoza,Mendoza Omar,10,#N/A
Pedro Juan Lopez,Lopez Pedro,10,#N/A
"Reynders, Jens",Jens Reynders,10,#N/A
Simon-Gugliemli,Gugliemli Simon,10,#N/A
"Walsleben, Philipp",Philipp Walsleben,10,#N/A
Aleksandr-Riabushenko,Riabushenko Aleksandr,9,#N/A
Biniam Girmay,Girmay Biniam,9,#N/A
Brian Van Goethem,Goethem Brian,9,#N/A
César Nicolás Paredes,Paredes C,9,#N/A
Cristian-Camilo,Camilo Cristian,9,#N/A
Dabiel-Viegas,Viegas Dabiel,9,#N/A
Davude-Bais,Bais Davude,9,#N/A
Diego-Pablo-Sevilla,Sevilla Diego,9,#N/A
Gustavo-Cesar-Veloso,Veloso Gustavo,9,#N/A
J.A. Cepeda,Cepeda J,9,#N/A
Javier Moreno Bazan,Bazan Javier,9,#N/A
Jordan-Lavasseur,Lavasseur Jordan,9,#N/A
Jose-Carlos-Prates-Neves-Fernandes,Fernandes Jose,9,#N/A
Julien-Irizar,Irizar Julien,9,#N/A
Luca-Mozatto,Mozatto Luca,9,#N/A
Patrick-Ievin,Ievin Patrick,9,#N/A
Piet Allgaert,Allgaert Piet,9,#N/A
"Salmon, Martin",Martin Salmon,9,#N/A
Samuel-Jose-Caldeira,Caldeira Samuel,9,#N/A
Tobias-Andersen,Andersen Tobias,9,#N/A
Aldemar Reyes Ortega,Ortega Aldemar,8,#N/A
"Ardila, Andrescamilo",Andrescamilo Ardila,8,#N/A
Dušan Kalaba,Kalaba Du,8,#N/A
Juri-Hollman,Hollman Juri,8,#N/A
Mathias-Norsgaard-Jorgensen,Jorgensen Mathias,8,#N/A
"Mazzone, Leon",Leon Mazzone,8,#N/A
Riccardo-Serrano,Serrano Riccardo,8,#N/A
"Soto, Antonio Jesus",Jesus Soto,8,#N/A
Vitor Zucco Schizzi,Schizzi Vitor,8,#N/A
Jose-Carlos-Prates-Neves-Fernan---,Fernan--- Jose,6,#N/A
Michael-Venthourenhout,Van Thourenhout Michael,6,#N/A
Samuel José Caldeira,Caldeira Samuel,6,#N/A
Tobias Andresen,Andresen Tobias,6,#N/A
Vicente García De Mateos,Mateos Vicente,6,#N/A
Vincente-Garcia-De-Mateos,Mateos Vincente,6,#N/A
"Alba, Juan Diego",Diego Alba,5,#N/A
Amanuel-Ghrbreigzabhier,Ghrbreigzabhier Amanuel,5,#N/A
Biniam-Girmay,Girmay Biniam,5,#N/A
Diego-Camargo,Camargo Diego,5,#N/A
Hernan Ricardo Aguirre,Aguirre Hernan,5,#N/A
"Huys, Laurens",Laurens Huys,5,#N/A
Juan-Diego-Alba,Alba Juan,5,#N/A
Luca-Chrico,Chrico Luca,5,#N/A
Luri-Filosi,Filosi Luri,5,#N/A
Others-On-Request,Request Others,5,#N/A
"Riabushenko, Alexandr",Alexandr Riabushenko,5,#N/A
"Rivi, Samuele",Samuele Rivi,5,#N/A
"Savini, Daniel",Daniel Savini,5,#N/A
"Spreafico, Matteo",Matteo Spreafico,5,#N/A
"Tizza, Marco",Marco Tizza,5,#N/A
"Wirtgen, Luc",Luc Wirtgen,5,#N/A
Amanuel Gebre'bier,Gebre'bier Amanuel,4,#N/A
"Banaszek, Adrian",Adrian Banaszek,4,#N/A
Einar-Rubio-Reyes,Reyes Einar,4,#N/A
Emanuel Morin,Morin Emanuel,4,#N/A
"Kasperkiewicz, Przemysław",aw Kasperkiewicz,4,#N/A
"Mazzone, Tom",Tom Mazzone,4,#N/A
"Page, Charles",Charles Page,4,#N/A
"Ghirmay Hailu, Biniam",Girmay Biniam,3,#N/A
Jeen-De-Jong,Jong Jeen,3,#N/A
Lucas-De-Rossi,Rossi Lucas,3,#N/A
Miguel Ángel Ballesteros,Ballesteros Miguel,3,#N/A
Nicj-Van-Der-Lijke,Lijke Nicj,3,#N/A
Serghei-Tvetcov,Tvetcov Serghei,3,#N/A
"Teugels, Lennert",Lennert Teugels,3,#N/A
