WCS_Rider,PCS_Rider
"De Vreese, Laurens",De Vreese Laurens
"Haas, Nathan",Haas Nathan
"Gerrans, Simon",Gerrans Simon
"McCarthy, Jay",McCarthy Jay
"Gonçalves, José",Gonçalves José
"De Gendt, Thomas",De Gendt Thomas
"Bakelants, Jan",Bakelants Jan
"Restrepo, Jhonatan",Restrepo Jhonatan
"Swift, Ben",Swift Ben
"De Bie, Sean",De Bie Sean
"Sütterlin, Jasha",Sütterlin Jasha
"Kolár, Michal",Kolár Michal
"Selig, Rüdiger",Selig Rüdiger
"Porte, Richie",Porte Richie
"Chaves, Esteban",Chaves Esteban
"Izagirre, Gorka",Izagirre Gorka
"Kelderman, Wilco",Kelderman Wilco
"Pozzovivo, Domenico",Pozzovivo Domenico
"Guerreiro, Ruben",Guerreiro Ruben
"Maison, Jérémy",Maison Jérémy
"Chevrier, Clément",Chevrier Clément
"Laengen, Vegard",Laengen Vegard
"Bauer, Jack",Bauer Jack
"Meyer, Cameron",Meyer Cameron
"Cink, Ondrej",Cink Ondrej
"Clarke, Will",Clarke Will
"Visconti, Giovanni",Visconti Giovanni
"Hamilton, Chris",Hamilton Chris
"Ulissi, Diego",Ulissi Diego
"Earle, Nathan",Earle Nathan
"Ewan, Caleb",Ewan Caleb
"Sagan, Peter",Sagan Peter
"Fröhlinger, Johannes",Fröhlinger Johannes
"Venter, Jaco",Venter Jaco
"Hansen, Adam",Hansen Adam
"Howes, Alex",Howes Alex
"O'Connor, Ben",O'Connor Ben
"Franco, Lopez",Franco Lopez
"Rodriguez, Leonardo",Rodriguez Leonardo
"Ramos, Rubén",Ramos Rubén
"Lucero, Higiño",Lucero Higiño
"González, Pedro",González Pedro
"Azzem, Omar",Azzem Omar
"Javier, Gaston",Javier Gaston
"Rivera, José Luis",Rivera José Luis
"Cabrera, Antonio",Cabrera Antonio
"Gaviria, Fernando",Gaviria Fernando
"Naranjo, Nicolás",Naranjo Nicolás
"Tivani, Gerardo",Tivani Gerardo
"Moyano, Enzo xxx",Moyano Enzo xxx
"Escuela, Ricardo",Escuela Ricardo
"Lucero, Héctor",Lucero Héctor
"Ibarra, Emiliano",Ibarra Emiliano
"Juárez, Daniel",Juárez Daniel
"Ramírez, Brayan",Ramírez Brayan
"Vega, Sergio",Vega Sergio
"Viel, Mattia",Viel Mattia
"Sartassov, Andrei",Sartassov Andrei
"Costa, Rui",Costa Rui
"Torres, Rodolfo",Torres Rodolfo
"Sevilla, Óscar",Sevilla Óscar
"Mollema, Bauke",Mollema Bauke
"Bernal, Egan",Bernal Egan
"Molina, Juan",Molina Juan
"Boaro, Manuele",Boaro Manuele
"Tivani, Nicolas",Tivani Nicolas
"Richeze, Maximiliano",Richeze Maximiliano
"Troia, Oliviero",Troia Oliviero
"Navardauskas, Ramunas",Navardauskas Ramunas
"Barrientos, Julian",Barrientos Julian
"Dotti, Juan Pablo",Dotti Juan Pablo
"Najar, Gonzalo",Najar Gonzalo
"Nibali, Vincenzo",Nibali Vincenzo
"Boem, Nicola",Boem Nicola
"Stewart, Tom",Stewart Tom
"Dillier, Silvan",Dillier Silvan
"Bono, Matteo",Bono Matteo
"Pearson, Dan",Pearson Dan
"Drücker, Jempy",Drücker Jempy
"Mirza, Yousif",Mirza Yousif
"Williams, Pete",Williams Pete
"Andreetta, Simone",Andreetta Simone
"Christian, Mark",Christian Mark
"Dowsett, Alex",Dowsett Alex
"Vliegen, Loïc",Vliegen Loïc
"Pibernik, Luka",Pibernik Luka
"Cortina, Iván",Cortina Iván
"Gerts, Floris",Gerts Floris
"Gruzdev, Dmitriy",Gruzdev Dmitriy
"Kwiatkowski, Michal",Kwiatkowski Michal
"Poels, Wout",Poels Wout
"Puccio, Salvatore",Puccio Salvatore
"Gautier, Cyril",Gautier Cyril
"Zyl, Johann van",Zyl Johann van
"Schär, Michael",Schär Michael
"De Plus, Laurens",De Plus Laurens
"Pauwels, Serge",Pauwels Serge
"Castroviejo, Jonathan",Castroviejo Jonathan
"Sáez, Héctor",Sáez Héctor
"Bohli, Tom",Bohli Tom
"Martin, Tony",Martin Tony
"De La Cruz, David",De La Cruz David
"Quintana, Nairo",Quintana Nairo
"López, Dani",López Dani
"Perry, Benjamin",Perry Benjamin
"Williams, Tyler",Williams Tyler
"Craddock, Lawson",Craddock Lawson
"Gilbert, Philippe",Gilbert Philippe
"Antón, Igor",Antón Igor
"Roche, Nicholas",Roche Nicholas
"Kudus, Merhawi",Kudus Merhawi
"Antunes, Amaro",Antunes Amaro
"Roglic, Primož",Roglic Primož
"Martin, Dan",Martin Dan
"De Gendt, Aimé",De Gendt Aimé
"Fonzi, Giuseppe",Fonzi Giuseppe
"Warbasse, Larry",Warbasse Larry
"Marangoni, Alan",Marangoni Alan
"Van Hecke, Preben",Van Hecke Preben
"Kristoff, Alexander",Kristoff Alexander
"Eaton, Daniel",Eaton Daniel
"Hansen, Lasse",Hansen Lasse
"Capecchi, Eros",Capecchi Eros
"Denifl, Stefan",Denifl Stefan
"Agnoli, Valerio",Agnoli Valerio
"Declercq, Benjamin",Declercq Benjamin
"Boonen, Tom",Boonen Tom
"Van Gestel, Dries",Van Gestel Dries
"Fuglsang, Jakob",Fuglsang Jakob
"Van Lerberghe, Bert",Van Lerberghe Bert
"Kuboki, Kazushige",Kuboki Kazushige
"Sisr, František",Sisr František
"Brammeier, Matt",Brammeier Matt
"Andersen, Søren",Andersen Søren
"Hermans, Ben",Hermans Ben
"Jungels, Bob",Jungels Bob
"Teunissen, Mike",Teunissen Mike
"Kangert, Tanel",Kangert Tanel
"Bardet, Romain",Bardet Romain
"Domont, Axel",Domont Axel
"Küng, Stefan",Küng Stefan
"Díaz, Daniel",Díaz Daniel
"Pardini, Olivier",Pardini Olivier
"Aru, Fabio",Aru Fabio
"Keisse, Iljo",Keisse Iljo
"Turek, Daniel",Turek Daniel
"Van Der Sande, Tosh",Van Der Sande Tosh
"Sénéchal, Florian",Sénéchal Florian
"Preidler, Georg",Preidler Georg
"Vries, Berden de",Vries Berden de
"Salas, Ibai",Salas Ibai
"Valverde, Alejandro",Valverde Alejandro
"Contador, Alberto",Contador Alberto
"Izagirre, Ion",Izagirre Ion
"Rosa, Diego",Rosa Diego
"Reichenbach, Sébastien",Reichenbach Sébastien
"Meurisse, Xandro",Meurisse Xandro
"Nibali, Antonio",Nibali Antonio
"Großschartner, Felix",Großschartner Felix
"Wellens, Tim",Wellens Tim
"Rubio, Diego",Rubio Diego
"Kiryienka, Vasil",Kiryienka Vasil
"Ludvigsson, Tobias",Ludvigsson Tobias
"Pinot, Thibaut",Pinot Thibaut
"Landa, Mikel",Landa Mikel
"Keizer, Martijn",Keizer Martijn
"Owsian, Lukasz",Owsian Lukasz
"Budding, Martijn",Budding Martijn
"Wallays, Jens",Wallays Jens
"Cousin, Jérôme",Cousin Jérôme
"Minnaard, Marco",Minnaard Marco
"Campenaerts, Victor",Campenaerts Victor
"Lijke, Nick van der",Lijke Nick van der
"Bravo, Garikoitz",Bravo Garikoitz
"Paterski, Maciej",Paterski Maciej
"Clarke, Simon",Clarke Simon
"Novak, Domen",Novak Domen
"Pfingsten, Christoph",Pfingsten Christoph
"Oien, Justin",Oien Justin
"Benta, João",Benta João
"Goethem, Brian van",Goethem Brian van
"De Vos, Adam",De Vos Adam
"Sanchez, Daniel",Sanchez Daniel
"Matias, João",Matias João
"Greipel, André",Greipel André
"Gallopin, Tony",Gallopin Tony
"Bystrøm, Sven Erik",Bystrøm Sven Erik
"Gomes, Luís",Gomes Luís
"Mas, Enric",Mas Enric
"Machado, Tiago",Machado Tiago
"Devenyns, Dries",Devenyns Dries
"Štybar, Zdenek",Štybar Zdenek
"Nocentini, Rinaldo",Nocentini Rinaldo
"Mullen, Ryan",Mullen Ryan
"Hoorn, Taco van der",Hoorn Taco van der
"Smith, Dion",Smith Dion
"Looij, André",Looij André
"Schwarzmann, Michael",Schwarzmann Michael
"Deignan, Philip",Deignan Philip
"Asselman, Jesper",Asselman Jesper
"Osorio, Juan",Osorio Juan
"Vanspeybrouck, Pieter",Vanspeybrouck Pieter
"King, Ben",King Ben
"De Mateos, Vicente",De Mateos Vicente
"Benoot, Tiesj",Benoot Tiesj
"Kalma, Guy",Kalma Guy
"Vogt, Mario",Vogt Mario
"Griffin, Logan",Griffin Logan
"Whitehouse, Daniel",Whitehouse Daniel
"Hill, Ben",Hill Ben
"Okubo, Jin",Okubo Jin
"Bae, Dae-hyeon",Bae Dae-hyeon
"Crawford, Jai",Crawford Jai
"Suzuki, Ryu",Suzuki Ryu
"Park, Keon-woo",Park Keon-woo
"Peralta, Arjay",Peralta Arjay
"Nakajima, Yasuharu",Nakajima Yasuharu
"Park, Sang-hong",Park Sang-hong
"Nohales, Edgar",Nohales Edgar
"Omote, Toshiki",Omote Toshiki
"Mazuki, Fakhruddin",Mazuki Fakhruddin
"Felipe, Marcelo",Felipe Marcelo
"Ayazbayev, Maxat",Ayazbayev Maxat
"Boonratanathanakom, T..",Boonratanathanakom T..
"Mohd Bakri, Sofian",Mohd Bakri Sofian
"Loh, Sea Keong",Loh Sea Keong
"Mosca, Jacopo",Mosca Jacopo
"Rota, Lorenzo",Rota Lorenzo
"Mohd Zamri, Eiman",Mohd Zamri Eiman
"Orjuela, Fernando",Orjuela Fernando
"Gibbons, Ryan",Gibbons Ryan
"Abdul Halil, Mohammad",Abdul Halil Mohammad
"Barbin, Enrico",Barbin Enrico
"Manan, Anuar",Manan Anuar
"Cecchin, Alberto",Cecchin Alberto
"Niyonshuti, Adrien",Niyonshuti Adrien
"Kamal, Ameer",Kamal Ameer
"Janse van Rensburg, J..",Janse van Rensburg J..
"Park, Sung-baek",Park Sung-baek
"Ebsen, John",Ebsen John
"Jaramillo, Daniel",Jaramillo Daniel
"Paredes, Wilmar",Paredes Wilmar
"Mat Amin, Mohd Shahrul",Mat Amin Mohd Shahrul
"Yeung, Ronald",Yeung Ronald
"Niño, Victor",Niño Victor
"Pacinotti, Niccolò",Pacinotti Niccolò
"Perez, Dominic",Perez Dominic
"Astafyev, Stepan",Astafyev Stepan
"Seo, Joon-yong",Seo Joon-yong
"Sumiyoshi, Kota",Sumiyoshi Kota
"Othman, Afiq",Othman Afiq
"Pérez, Jahir",Pérez Jahir
"Higuita, Sergio",Higuita Sergio
"Debesay, Mekseb",Debesay Mekseb
"Bayly, Cameron",Bayly Cameron
"Gidich, Yevgeniy",Gidich Yevgeniy
"Harper, Chris",Harper Chris
"Roe, Timothy",Roe Timothy
"Masnada, Fausto",Masnada Fausto
"Sunderland, Scott",Sunderland Scott
"Giacoppo, Anthony",Giacoppo Anthony
"Andriato, Rafael",Andriato Rafael
"Kim, Dae-yeon",Kim Dae-yeon
"Hucker, Robbie",Hucker Robbie
"Mareczko, Jakub",Mareczko Jakub
"Mohd Zariff, Nur Aiman",Mohd Zariff Nur Aiman
"Ewart, Jesse",Ewart Jesse
"Huang, En",Huang En
"Mori, Manuele",Mori Manuele
"Maestri, Mirco",Maestri Mirco
"Lozano, David",Lozano David
"Zakharov, Artyom",Zakharov Artyom
"Ershov, Artur",Ershov Artur
"Canola, Marco",Canola Marco
"Calabria, Fabio",Calabria Fabio
"Ðurasek, Kristijan",Ðurasek Kristijan
"Sveshnikov, Kirill",Sveshnikov Kirill
"Clancy, Stephen",Clancy Stephen
"Brutt, Pavel",Brutt Pavel
"Kittel, Marcel",Kittel Marcel
"Cavendish, Mark",Cavendish Mark
"Arcas, Jorge",Arcas Jorge
"Konrad, Patrick",Konrad Patrick
"Valls, Rafael",Valls Rafael
"Teuns, Dylan",Teuns Dylan
"Alaphilippe, Julian",Alaphilippe Julian
"Chavanel, Sylvain",Chavanel Sylvain
"Koren, Kristjan",Koren Kristjan
"Hardy, Romain",Hardy Romain
"Rowe, Luke",Rowe Luke
"Wallays, Jelle",Wallays Jelle
"Degenkolb, John",Degenkolb John
"Wynants, Maarten",Wynants Maarten
"Simon, Julien",Simon Julien
"Oomen, Sam",Oomen Sam
"Combaud, Romain",Combaud Romain
"Latour, Pierre",Latour Pierre
"Matthews, Michael",Matthews Michael
"Edet, Nicolas",Edet Nicolas
"Zakarin, Ilnur",Zakarin Ilnur
"Calmejane, Lilian",Calmejane Lilian
"Périchon, Pierre-Luc",Périchon Pierre-Luc
"Zurlo, Federico",Zurlo Federico
"Berhane, Natnael",Berhane Natnael
"Di Grégorio, Rémy",Di Grégorio Rémy
"Bennett, Sam",Bennett Sam
"De Marchi, Alessandro",De Marchi Alessandro
"Sepúlveda, Eduardo",Sepúlveda Eduardo
"Henao, Sergio",Henao Sergio
"Jeannesson, Arnold",Jeannesson Arnold
"Curvers, Roy",Curvers Roy
"Lampaert, Yves",Lampaert Yves
"Valgren, Michael",Valgren Michael
"Anacona, Winner",Anacona Winner
"Herrada, José",Herrada José
"Yates, Simon",Yates Simon
"López, David",López David
"Barguil, Warren",Barguil Warren
"Fernández, Delio",Fernández Delio
"Fraile, Omar",Fraile Omar
"Polanc, Jan",Polanc Jan
"Finetto, Mauro",Finetto Mauro
"Henao, Sebastián",Henao Sebastián
"Soler, Marc",Soler Marc
"Sutherland, Rory",Sutherland Rory
"Petilli, Simone",Petilli Simone
"Bonusi, Raffaello",Bonusi Raffaello
"Planet, Charles",Planet Charles
"Ballerini, Davide",Ballerini Davide
"Morabito, Steve",Morabito Steve
"Amador, Andrey",Amador Andrey
"Moscon, Gianni",Moscon Gianni
"Wackermann, Luca",Wackermann Luca
"Grivko, Andrei",Grivko Andrei
"Frapporti, Marco",Frapporti Marco
"Gougeard, Alexis",Gougeard Alexis
"Uchima, Kohei",Uchima Kohei
"Filosi, Iuri",Filosi Iuri
"Kump, Marko",Kump Marko
"Mamykin, Matvei",Mamykin Matvei
"Thomas, Geraint",Thomas Geraint
"Yates, Adam",Yates Adam
"Urán, Rigoberto",Urán Rigoberto
"Špilak, Simon",Špilak Simon
"Dumoulin, Tom",Dumoulin Tom
"Lammertink, Maurits",Lammertink Maurits
"Terpstra, Niki",Terpstra Niki
"Cattaneo, Mattia",Cattaneo Mattia
"Garderen, Tejay van",Garderen Tejay van
"Felline, Fabio",Felline Fabio
"Majka, Rafal",Majka Rafal
"Gastauer, Ben",Gastauer Ben
"Kochetkov, Pavel",Kochetkov Pavel
"Rolland, Pierre",Rolland Pierre
"Affonso, Murilo",Affonso Murilo
"Nazaret, Magno",Nazaret Magno
"Armée, Sander",Armée Sander
"Bol, Jetse",Bol Jetse
"Canty, Brendan",Canty Brendan
"Vanendert, Jelle",Vanendert Jelle
"De Clercq, Bart",De Clercq Bart
"Gesink, Robert",Gesink Robert
"Ackermann, Pascal",Ackermann Pascal
"Serry, Pieter",Serry Pieter
"Taaramäe, Rein",Taaramäe Rein
"Kennaugh, Peter",Kennaugh Peter
"Nieve, Mikel",Nieve Mikel
"Woods, Michael",Woods Michael
"Bennett, George",Bennett George
"Atapuma, Darwin",Atapuma Darwin
"Navarro, Daniel",Navarro Daniel
"Cataldo, Dario",Cataldo Dario
"Froome, Chris",Froome Chris
"Gaudu, David",Gaudu David
"Carthy, Hugh",Carthy Hugh
"Kruijswijk, Steven",Kruijswijk Steven
"Impey, Daryl",Impey Daryl
"Schachmann, Maximilian",Schachmann Maximilian
"Clement, Stef",Clement Stef
"Vakoc, Petr",Vakoc Petr
"Verona, Carlos",Verona Carlos
"Howson, Damien",Howson Damien
"Erviti, Imanol",Erviti Imanol
"Formolo, Davide",Formolo Davide
"Rojas, José",Rojas José
"Ait El Abdia, Anass",Ait El Abdia Anass
"Lunke, Sindre",Lunke Sindre
"Simón, Jordi",Simón Jordi
"Meijers, Jeroen",Meijers Jeroen
"Bookwalter, Brent",Bookwalter Brent
"Niemiec, Przemyslaw",Niemiec Przemyslaw
"Teklehaimanot, Daniel",Teklehaimanot Daniel
"Prades, Edu",Prades Edu
"Sánchez, Samuel",Sánchez Samuel
"Pantano, Jarlinson",Pantano Jarlinson
"Jules, Justin",Jules Justin
"Blain, Alexandre",Blain Alexandre
"Moses, Tom",Moses Tom
"Delaplace, Anthony",Delaplace Anthony
"Mottier, Justin",Mottier Justin
"Sivakov, Pavel",Sivakov Pavel
"Duquennoy, Jimmy",Duquennoy Jimmy
"Skjerping, Kristoffer",Skjerping Kristoffer
"De Ketele, Kenny",De Ketele Kenny
"Feillu, Brice",Feillu Brice
"Durbridge, Luke",Durbridge Luke
"Brändle, Matthias",Brändle Matthias
"Theuns, Edward",Theuns Edward
"De Buyst, Jasper",De Buyst Jasper
"Stallaert, Joeri",Stallaert Joeri
"Pichot, Alexandre",Pichot Alexandre
"Edmondson, Alex",Edmondson Alex
"Poppel, Boy van",Poppel Boy van
"Backaert, Frederik",Backaert Frederik
"Naesen, Lawrence",Naesen Lawrence
"Hoem, Bjørn",Hoem Bjørn
"Ligthart, Pim",Ligthart Pim
"Allegaert, Piet",Allegaert Piet
"Dunne, Conor",Dunne Conor
"McNally, Mark",McNally Mark
"Mas, Lluís",Mas Lluís
"Bagot, Yoann",Bagot Yoann
"Plaza, Rubén",Plaza Rubén
"Herklotz, Silvio",Herklotz Silvio
"Lastra, Jonathan",Lastra Jonathan
"Ferrari, Fabricio",Ferrari Fabricio
"Maté, Luis Angel",Maté Luis Angel
"De La Parte, Victor",De La Parte Victor
"Fernández, Rubén",Fernández Rubén
"Mühlberger, Gregor",Mühlberger Gregor
"Montaguti, Matteo",Montaguti Matteo
"Rossetto, Stéphane",Rossetto Stéphane
"Pardilla, Sergio",Pardilla Sergio
"Courteille, Arnaud",Courteille Arnaud
"Belkov, Maxim",Belkov Maxim
"Moinard, Amaël",Moinard Amaël
"Skujinš, Toms",Skujinš Toms
"Dam, Laurens ten",Dam Laurens ten
"Haig, Jack",Haig Jack
"Mohoric, Matej",Mohoric Matej
"Kreuziger, Roman",Kreuziger Roman
"Albasini, Michael",Albasini Michael
"Power, Robert",Power Robert
"Meintjes, Louis",Meintjes Louis
"Zhupa, Eugert",Zhupa Eugert
"Foliforov, Alexander",Foliforov Alexander
"Schönberger, Sebastian",Schönberger Sebastian
"Gamper, Patrick",Gamper Patrick
"Salvietti, Niccolò",Salvietti Niccolò
"Koshevoy, Ilia",Koshevoy Ilia
"Howard, Leigh",Howard Leigh
"Fortin, Filippo",Fortin Filippo
"Orrico, Davide",Orrico Davide
"Nikolaev, Sergey",Nikolaev Sergey
"Frankiny, Kilian",Frankiny Kilian
"Roy, Jérémy",Roy Jérémy
"Villella, Davide",Villella Davide
"Pirazzi, Stefano",Pirazzi Stefano
"Gavazzi, Francesco",Gavazzi Francesco
"Totò, Paolo",Totò Paolo
"Bagioli, Nicola",Bagioli Nicola
"Bongiorno, Manuel",Bongiorno Manuel
"Martínez, Daniel",Martínez Daniel
"Scarponi, Michele",Scarponi Michele
"Burghardt, Marcus",Burghardt Marcus
"Veuchelen, Frederik",Veuchelen Frederik
"Daniel, Gregory",Daniel Gregory
"Martinelli, Davide",Martinelli Davide
"Stalnov, Nikita",Stalnov Nikita
"Pöstlberger, Lukas",Pöstlberger Lukas
"Houle, Hugo",Houle Hugo
"Chérel, Mikaël",Chérel Mikaël
"Pasqualon, Andrea",Pasqualon Andrea
"Buchmann, Emanuel",Buchmann Emanuel
"Bialoblocki, Marcin",Bialoblocki Marcin
"Benedetti, Cesare",Benedetti Cesare
"Shalunov, Evgeny",Shalunov Evgeny
"Sbaragli, Kristian",Sbaragli Kristian
"Rovny, Ivan",Rovny Ivan
"Tratnik, Jan",Tratnik Jan
"Stuyven, Jasper",Stuyven Jasper
"Alafaci, Eugenio",Alafaci Eugenio
"Pedersen, Mads",Pedersen Mads
"Kozonchuk, Dmitry",Kozonchuk Dmitry
"Kuznetsov, Vyatcheslav",Kuznetsov Vyatcheslav
"Albanese, Vincenzo",Albanese Vincenzo
"Sánchez, Luis León",Sánchez Luis León
"Conti, Valério",Conti Valério
"Didier, Laurent",Didier Laurent
"Samoilau, Branislau",Samoilau Branislau
"Tsatevich, Alexey",Tsatevich Alexey
"Busato, Matteo",Busato Matteo
"Marcato, Marco",Marcato Marco
"Marczynski, Tomasz",Marczynski Tomasz
"Dupont, Hubert",Dupont Hubert
"Firsanov, Sergey",Firsanov Sergey
"Lagutin, Sergey",Lagutin Sergey
"Vaugrenard, Benoît",Vaugrenard Benoît
"Pellizotti, Franco",Pellizotti Franco
"Bárta, Jan",Bárta Jan
"Hofland, Moreno",Hofland Moreno
"Molard, Rudy",Molard Rudy
"Battaglin, Enrico",Battaglin Enrico
"Amézqueta, Julen",Amézqueta Julen
"Bennati, Daniele",Bennati Daniele
"Haga, Chad",Haga Chad
"Ladagnous, Matthieu",Ladagnous Matthieu
"Hirt, Jan",Hirt Jan
"Rosskopf, Joey",Rosskopf Joey
"Dombrowski, Joe",Dombrowski Joe
"Siutsou, Kanstantsin",Siutsou Kanstantsin
"Losada, Alberto",Losada Alberto
"Bilbao, Pello",Bilbao Pello
"Pozzato, Filippo",Pozzato Filippo
"Slagter, Tom-Jelte",Slagter Tom-Jelte
"Kišerlovski, Robert",Kišerlovski Robert
"Chétout, Loïc",Chétout Loïc
"Irvine, Martyn",Irvine Martyn
"Cabot, Jérémy",Cabot Jérémy
"Rickaert, Jonas",Rickaert Jonas
"Ariesen, Tim",Ariesen Tim
"Insausti, Ion Ander",Insausti Ion Ander
"Vendrame, Andrea",Vendrame Andrea
"Dassonville, Flavien",Dassonville Flavien
"Levarlet, Guillaume",Levarlet Guillaume
"Vantomme, Maxime",Vantomme Maxime
"Dumoulin, Samuel",Dumoulin Samuel
"Ferasse, Thibault",Ferasse Thibault
"Maes, Nikolas",Maes Nikolas
"Feng, Chun Kai",Feng Chun Kai
"Pacioni, Luca",Pacioni Luca
"Le Cunff, Kévin",Le Cunff Kévin
"Koning, Peter",Koning Peter
"Pacher, Quentin",Pacher Quentin
"Naesen, Oliver",Naesen Oliver
"Venturini, Clément",Venturini Clément
"Ista, Kevyn",Ista Kevyn
"Turgis, Jimmy",Turgis Jimmy
"Reinders, Elmar",Reinders Elmar
"Gaudin, Damien",Gaudin Damien
"Madrazo, Ángel",Madrazo Ángel
"Šiškevicius, Evaldas",Šiškevicius Evaldas
"Le Gac, Olivier",Le Gac Olivier
"Jakin, Alo",Jakin Alo
"Touzé, Damien",Touzé Damien
"Konovalovas, Ignatas",Konovalovas Ignatas
"Riblon, Christophe",Riblon Christophe
"Napolitano, Danilo",Napolitano Danilo
"Jarrier, Benoît",Jarrier Benoît
"Petit, Adrien",Petit Adrien
"Cardis, Romain",Cardis Romain
"Duval, Julien",Duval Julien
"Baldo, Nicolas",Baldo Nicolas
"Clarke, Jonathan",Clarke Jonathan
"Wolfe, Ben",Wolfe Ben
"Putt, Tanner",Putt Tanner
"Morton, Lachlan",Morton Lachlan
"Thwaites, Scott",Thwaites Scott
"Boswell, Ian",Boswell Ian
"Brown, Nathan",Brown Nathan
"Bennett, Sean",Bennett Sean
"Le Turnier, Mathias",Le Turnier Mathias
"Huffman, Evan",Huffman Evan
"Hofstede, Lennard",Hofstede Lennard
"Britton, Rob",Britton Rob
"Mannion, Gavin",Mannion Gavin
"Korsæth, Truls",Korsæth Truls
"Politt, Nils",Politt Nils
"Trentin, Matteo",Trentin Matteo
"Talansky, Andrew",Talansky Andrew
"Geoghegan Hart, Tao",Geoghegan Hart Tao
"Castillo, Ulises",Castillo Ulises
"Henttala, Joonas",Henttala Joonas
"Blålid, Marius",Blålid Marius
"Holstad, Ludvik",Holstad Ludvik
"Villegas, Juan",Villegas Juan
"Hagen, Carl Fredrik",Hagen Carl Fredrik
"Reguigui, Youcef",Reguigui Youcef
"Røinås, Fridtjof",Røinås Fridtjof
"Eikeland, Ken-Levi",Eikeland Ken-Levi
"Aalrust, Håkon",Aalrust Håkon
"Bevin, Patrick",Bevin Patrick
"Robeet, Ludovic",Robeet Ludovic
"Prémont, Christophe",Prémont Christophe
"Madsen, Kristoffer",Madsen Kristoffer
"Breen, Vegard",Breen Vegard
"Lindau, Philip",Lindau Philip
"Ginneken, Sjoerd van",Ginneken Sjoerd van
"Delfosse, Sébastien",Delfosse Sébastien
"Weening, Pieter",Weening Pieter
"Hagen, Edvald Boasson",Hagen Edvald Boasson
"Vangstad, Andreas",Vangstad Andreas
"Peyskens, Dimitri",Peyskens Dimitri
"Molina, Antonio",Molina Antonio
"Steen, Nicolaj",Steen Nicolaj
"Kurek, Adrian",Kurek Adrian
"Daniel, Maxime",Daniel Maxime
"Vervaeke, Louis",Vervaeke Louis
"Aert, Wout van",Aert Wout van
"Warnier, Antoine",Warnier Antoine
"Hatsuyama, Sho",Hatsuyama Sho
"Yamamoto, Masaki",Yamamoto Masaki
"Yamamoto, Genki",Yamamoto Genki
"Monier, Damien",Monier Damien
"Mamos, Philipp",Mamos Philipp
"Dombrowski, Frederik",Dombrowski Frederik
"Magosaki, Daiki",Magosaki Daiki
"Hegyvary, Adrian",Hegyvary Adrian
"Tsubaki, Hiroshi",Tsubaki Hiroshi
"Takubo, Kenji",Takubo Kenji
"Prades, Benjami",Prades Benjami
"Jones, Chris",Jones Chris
"Kimura, Keisuke",Kimura Keisuke
"Santaromita, Ivan",Santaromita Ivan
"Iribe, Shotaro",Iribe Shotaro
"Pujol, Óscar",Pujol Óscar
"Pourhashemi, Hamid",Pourhashemi Hamid
"Toribio, José Vicente",Toribio José Vicente
"Norris, Lachlan",Norris Lachlan
"Safarzadeh, Saeid",Safarzadeh Saeid
"Pourseyedi, Samad",Pourseyedi Samad
"García, Marcos",García Marcos
"Abe, Takayuki",Abe Takayuki
"Jans, Roy",Jans Roy
"De Bondt, Dries",De Bondt Dries
"Vanbilsen, Kenneth",Vanbilsen Kenneth
"De Winter, Ludwig",De Winter Ludwig
"Stevens, Timothy",Stevens Timothy
"Leemans, Rob",Leemans Rob
"Geuens, Alexander",Geuens Alexander
"Morice, Julien",Morice Julien
"Poel, Mathieu van der",Poel Mathieu van der
"Vermote, Julien",Vermote Julien
"Walsleben, Philipp",Walsleben Philipp
"Cavagna, Rémi",Cavagna Rémi
"Duchesne, Antoine",Duchesne Antoine
"Keukeleire, Jens",Keukeleire Jens
"Declercq, Tim",Declercq Tim
"Soete, Daan",Soete Daan
"Freienstein, Raphael",Freienstein Raphael
"Doubey, Fabien",Doubey Fabien
"Wirtgen, Tom",Wirtgen Tom
"Van Avermaet, Greg",Van Avermaet Greg
"Kirsch, Alex",Kirsch Alex
"Sprengers, Thomas",Sprengers Thomas
"Tusveld, Martijn",Tusveld Martijn
"Rekita, Szymon",Rekita Szymon
"Van Melsen, Kevin",Van Melsen Kevin
"Le Roux, Romain",Le Roux Romain
"Kamp, Alexander",Kamp Alexander
"Alaphilippe, Bryan",Alaphilippe Bryan
"Hatz, Christopher",Hatz Christopher
"Pons, Gaëtan",Pons Gaëtan
"Asgreen, Kasper",Asgreen Kasper
"Huppertz, Joshua",Huppertz Joshua
"Koishi, Yuma",Koishi Yuma
"Bouwman, Koen",Bouwman Koen
"El Fares, Julien",El Fares Julien
"Baarle, Dylan van",Baarle Dylan van
"Bettiol, Alberto",Bettiol Alberto
"Herrada, Jesús",Herrada Jesús
"Sicard, Romain",Sicard Romain
"Vuillermoz, Alexis",Vuillermoz Alexis
"Lutsenko, Alexey",Lutsenko Alexey
"Dougall, Nic",Dougall Nic
"Caruso, Damiano",Caruso Damiano
"Quintana, Dayer",Quintana Dayer
"Gasparotto, Enrico",Gasparotto Enrico
"Boom, Lars",Boom Lars
"Nordhaug, Lars Petter",Nordhaug Lars Petter
"Bewley, Sam",Bewley Sam
"Bodnar, Maciej",Bodnar Maciej
"Boudat, Thomas",Boudat Thomas
"Phinney, Taylor",Phinney Taylor
"Pichon, Laurent",Pichon Laurent
"Offredo, Yoann",Offredo Yoann
"Colbrelli, Sonny",Colbrelli Sonny
"Démare, Arnaud",Démare Arnaud
"Zabel, Rick",Zabel Rick
"Van Keirsbulck, Guill..",Van Keirsbulck Guill..
"Sinkeldam, Ramon",Sinkeldam Ramon
"Delage, Mickaël",Delage Mickaël
"Voeckler, Thomas",Voeckler Thomas
"Quéméneur, Perrig",Quéméneur Perrig
"Sabatini, Fabio",Sabatini Fabio
"Guarnieri, Jacopo",Guarnieri Jacopo
"Božic, Borut",Božic Borut
"Bouet, Maxime",Bouet Maxime
"Gène, Yohann",Gène Yohann
"Bole, Grega",Bole Grega
"Wyss, Danilo",Wyss Danilo
"Martin, Guillaume",Martin Guillaume
"Geschke, Simon",Geschke Simon
"Betancur, Carlos",Betancur Carlos
"Gesbert, Elie",Gesbert Elie
"Haller, Marco",Haller Marco
"Arndt, Nikias",Arndt Nikias
"Knees, Christian",Knees Christian
"Kort, Koen de",Kort Koen de
"Cummings, Steve",Cummings Steve
"Vachon, Florian",Vachon Florian
"Hollenstein, Reto",Hollenstein Reto
"Roosen, Timo",Roosen Timo
"Grmay, Tsgabu",Grmay Tsgabu
"Timmer, Albert",Timmer Albert
"Gogl, Michaël",Gogl Michaël
"Roelandts, Jürgen",Roelandts Jürgen
"Bak, Lars",Bak Lars
"Gatto, Oscar",Gatto Oscar
"López, Miguel Ángel",López Miguel Ángel
"Leopold, Hans-Jörg",Leopold Hans-Jörg
"Kusztor, Péter",Kusztor Péter
"Rabitsch, Stefan",Rabitsch Stefan
"Smukulis, Gatis",Smukulis Gatis
"Trettwer, Helmut",Trettwer Helmut
"Stosz, Patryk",Stosz Patryk
"Neuhauser, Marcel",Neuhauser Marcel
"Ciccone, Giulio",Ciccone Giulio
"Lienhard, Fabian",Lienhard Fabian
"Hammerle, Maximillian",Hammerle Maximillian
"Thomson, Jay",Thomson Jay
"Velasco, Simone",Velasco Simone
"Friesecke, Gian",Friesecke Gian
"Honig, Reinier",Honig Reinier
"Viviani, Elia",Viviani Elia
"Diaz, José",Diaz José
"Eibegger, Markus",Eibegger Markus
"Rybalkin, Aleksey",Rybalkin Aleksey
"Krizek, Matthias",Krizek Matthias
"Zoidl, Riccardo",Zoidl Riccardo
"Perez, Anthony",Perez Anthony
"Montagnoli, Andrea",Montagnoli Andrea
"Riabushenko, Aleksandr",Riabushenko Aleksandr
"Affini, Edoardo",Affini Edoardo
"Rosa, Massimo",Rosa Massimo
"Colombo, Eros",Colombo Eros
"Bendixen, Louis",Bendixen Louis
"Müller, Patrick",Müller Patrick
"Carboni, Giovanni",Carboni Giovanni
"Lambrecht, Bjorg",Lambrecht Bjorg
"Storer, Michael",Storer Michael
"Brkic, Benjamin",Brkic Benjamin
"Kobernyak, Evgeny",Kobernyak Evgeny
"Weldu, Hafetab",Weldu Hafetab
"Vanhoucke, Harm",Vanhoucke Harm
"Negrente, Marco",Negrente Marco
"Monaco, Alessandro",Monaco Alessandro
"Cherkasov, Nikolay",Cherkasov Nikolay
"Eg, Niklas",Eg Niklas
"Defaye, Jérémy",Defaye Jérémy
"Giannelli, Gabriele",Giannelli Gabriele
"Samitier, Sergio",Samitier Sergio
"Cacciotti, Andrea",Cacciotti Andrea
"Wilsly, Jonas",Wilsly Jonas
"Fabbro, Matteo",Fabbro Matteo
"Davies, Scott",Davies Scott
"Fedeli, Alessandro",Fedeli Alessandro
"Lobato, Juan José",Lobato Juan José
"Ledanois, Kévin",Ledanois Kévin
"Boev, Igor",Boev Igor
"Hermans, Quinten",Hermans Quinten
"Geniez, Alexandre",Geniez Alexandre
"Turgis, Anthony",Turgis Anthony
"Devolder, Stijn",Devolder Stijn
"Roux, Anthony",Roux Anthony
"Cleppe, Nicolas",Cleppe Nicolas
"Scotson, Miles",Scotson Miles
"Vincent, Léo",Vincent Léo
"Vorobyev, Anton",Vorobyev Anton
"Jansen, Amund",Jansen Amund
"Deltombe, Kevin",Deltombe Kevin
"Aerts, Toon",Aerts Toon
"Mørkøv, Michael",Mørkøv Michael
"Duijn, Huub",Duijn Huub
"Coquard, Bryan",Coquard Bryan
"Bernas, Pawel",Bernas Pawel
"Gradek, Kamil",Gradek Kamil
"Bonifazio, Niccolò",Bonifazio Niccolò
"Breschel, Matti",Breschel Matti
"Lindeman, Bert-Jan",Lindeman Bert-Jan
"Stachowiak, Adam",Stachowiak Adam
"Monfort, Maxime",Monfort Maxime
"Tolhoek, Antwan",Tolhoek Antwan
"Moser, Moreno",Moser Moreno
"De Tier, Floris",De Tier Floris
"Cieslik, Pawel",Cieslik Pawel
"Berry, Joshua",Berry Joshua
"Frayre, Eder",Frayre Eder
"Benito, Miguel Ángel",Benito Miguel Ángel
"Rathe, Jacob",Rathe Jacob
"Krasilnikau, Andrei",Krasilnikau Andrei
"Brown, Cortlan",Brown Cortlan
"Lawless, Chris",Lawless Chris
"McCabe, Travis",McCabe Travis
"Clark, Oscar",Clark Oscar
"Companioni, Rubén",Companioni Rubén
"Tvetcov, Serghei",Tvetcov Serghei
"Kuss, Sepp",Kuss Sepp
"Piccoli, James",Piccoli James
"Mancebo, Francisco",Mancebo Francisco
"Murphy, Kyle",Murphy Kyle
"Räim, Mihkel",Räim Mihkel
"Oliveira, Rui",Oliveira Rui
"Magner, Ty",Magner Ty
"McCulloch, Brian",McCulloch Brian
"Zamparella, Marco",Zamparella Marco
"Murphy, John",Murphy John
"Boivin, Guillaume",Boivin Guillaume
"Winden, Dennis van",Winden Dennis van
"Fisher, Steve",Fisher Steve
"Slack, Erik",Slack Erik
"Soucy, Marc-Antoine",Soucy Marc-Antoine
"Sterbini, Simone",Sterbini Simone
"Powless, Neilson",Powless Neilson
"Senni, Manuel",Senni Manuel
"Butler, Chris",Butler Chris
"Empel, Etienne van",Empel Etienne van
"Elissonde, Kenny",Elissonde Kenny
"Moreno, Daniel",Moreno Daniel
"Chernetski, Sergei",Chernetski Sergei
"Grellier, Fabien",Grellier Fabien
"Suaza, Bernardo",Suaza Bernardo
"Godon, Dorian",Godon Dorian
"Cubero, Jorge",Cubero Jorge
"Róson, Jaime",Róson Jaime
"Hansen, Jesper",Hansen Jesper
"Gérard, Arnaud",Gérard Arnaud
"Arroyo, David",Arroyo David
"Anderson, Ryan",Anderson Ryan
"Bisolti, Alessandro",Bisolti Alessandro
"Lietaer, Eliot",Lietaer Eliot
"Pedrero, Antonio",Pedrero Antonio
"Steels, Stijn",Steels Stijn
"Cordeel, Sander",Cordeel Sander
"Groenewegen, Dylan",Groenewegen Dylan
"Hepburn, Michael",Hepburn Michael
"Dehaes, Kenny",Dehaes Kenny
"Goolaerts, Michael",Goolaerts Michael
"Van Hooydonck, Nathan",Van Hooydonck Nathan
"Biermans, Jenthe",Biermans Jenthe
"Lukkedahl, Øivind",Lukkedahl Øivind
"Eisel, Bernhard",Eisel Bernhard
"Masson, Christophe",Masson Christophe
"Hoelgaard, Markus",Hoelgaard Markus
"Claeys, Dimitri",Claeys Dimitri
"Bizhigitov, Zhandos",Bizhigitov Zhandos
"Corbel, Erwann",Corbel Erwann
"Kreder, Michel",Kreder Michel
"Mihaylov, Nikolay",Mihaylov Nikolay
"Spikseth, Elias",Spikseth Elias
"Hofstetter, Hugo",Hofstetter Hugo
"Vallée, Boris",Vallée Boris
"Austevoll, Ole André",Austevoll Ole André
"Jensen, August",Jensen August
"Hurel, Tony",Hurel Tony
"Tiller, Rasmus",Tiller Rasmus
"Molly, Kenny",Molly Kenny
"Morton, Angus",Morton Angus
"Schmalz, Joseph",Schmalz Joseph
"Eisenhart, TJ",Eisenhart TJ
"Reijnen, Kiel",Reijnen Kiel
"Bernard, Julien",Bernard Julien
"Stetina, Peter",Stetina Peter
"Narváez, Jhonnatan",Narváez Jhonnatan
"Blevins, Christopher",Blevins Christopher
"Cosnefroy, Benoît",Cosnefroy Benoît
"Page, Dylan",Page Dylan
"Gonzalez, Aitor",Gonzalez Aitor
"Canal, Fabien",Canal Fabien
"Bidard, François",Bidard François
"Antomarchi, Julien",Antomarchi Julien
"Habeaux, Gregory",Habeaux Gregory
"Bescond, Jérémy",Bescond Jérémy
"Baugnies, Jérôme",Baugnies Jérôme
"Eenkhoorn, Pascal",Eenkhoorn Pascal
"Madouas, Valentin",Madouas Valentin
"Teggart, Matthew",Teggart Matthew
"Roger, Maxime",Roger Maxime
"Garel, Adrien",Garel Adrien
"Morin, Emmanuel",Morin Emmanuel
"Mäder, Gino",Mäder Gino
"Danès, Léo",Danès Léo
"Strokau, Vasili",Strokau Vasili
"Hodeg, Alvaro",Hodeg Alvaro
"O'Loughlin, Michael",O'Loughlin Michael
"Schinnagel, Johannes",Schinnagel Johannes
"Knox, James",Knox James
"Oss, Daniel",Oss Daniel
"Ventoso, Francisco",Ventoso Francisco
"Poljanski, Pawel",Poljanski Pawel
"Carapaz, Richard",Carapaz Richard
"Oliveira, Nelson",Oliveira Nelson
"Vilela, Ricardo",Vilela Ricardo
"Reis, Rafael",Reis Rafael
"Van Asbroeck, Tom",Van Asbroeck Tom
"Cort, Magnus",Cort Magnus
"Domagalski, Karol",Domagalski Karol
"Partridge, Rob",Partridge Rob
"Briggs, Graham",Briggs Graham
"Swift, Connor",Swift Connor
"Scott, Jake",Scott Jake
"Holmes, Matthew",Holmes Matthew
"Townsend, Rory",Townsend Rory
"Bibby, Ian",Bibby Ian
"Tanfield, Harry",Tanfield Harry
"Slater, Alistair",Slater Alistair
"Handley, Richard",Handley Richard
"McCormick, Hayden",McCormick Hayden
"Gough, Regan",Gough Regan
"Hennesy, Jacob",Hennesy Jacob
"Shaw, James",Shaw James
"Downing, Russell",Downing Russell
"Von Hoff, Steele",Von Hoff Steele
"Gardias, Dexter",Gardias Dexter
"Stewart, Mark",Stewart Mark
"Maître, Florian",Maître Florian
"Bregnhøj, Mathias",Bregnhøj Mathias
"Krigbaum, Mathias",Krigbaum Mathias
"Clemmensen, Silas",Clemmensen Silas
"Kron, Andreas",Kron Andreas
"Pedersen, Casper",Pedersen Casper
"Larsen, Niklas",Larsen Niklas
"Stokbro, Andreas",Stokbro Andreas
"Vinjebo, Emil",Vinjebo Emil
"Fortunato, Lorenzo",Fortunato Lorenzo
"Brøchner, Nicolai",Brøchner Nicolai
"Christiansen, Steffen",Christiansen Steffen
"Ourselin, Paul",Ourselin Paul
"Jeppesen, Andreas",Jeppesen Andreas
"Aaen, Jonas",Aaen Jonas
"Cardoso, Flávio",Cardoso Flávio
"Turrin, Alex",Turrin Alex
"Balkan, Onur",Balkan Onur
"Atalay, Muhammed",Atalay Muhammed
"Paluta, Michal",Paluta Michal
"Samli, Ferit",Samli Ferit
"Deruette, Thomas",Deruette Thomas
"Celano, Danilo",Celano Danilo
"Tonelli, Alessandro",Tonelli Alessandro
"Spreafico, Matteo",Spreafico Matteo
"Spengler, Lukas",Spengler Lukas
"Archbold, Shane",Archbold Shane
"Koch, Jonas",Koch Jonas
"Ravasi, Edward",Ravasi Edward
"Simion, Paolo",Simion Paolo
"Wang, Meiyin",Wang Meiyin
"Bico, Nuno",Bico Nuno
"Poppel, Danny van",Poppel Danny van
"Irisarri, Jon",Irisarri Jon
"Juul-Jensen, Christop..",Juul-Jensen Christop..
"Haddi, Soufiane",Haddi Soufiane
"Areruya, Joseph",Areruya Joseph
"Habtom, Micheal",Habtom Micheal
"Buru, Temesgen",Buru Temesgen
"Ruberwa, Jean",Ruberwa Jean
"Muluberhan, Henok",Muluberhan Henok
"Tsegay, Kidane",Tsegay Kidane
"El Kouraji, Mohcine",El Kouraji Mohcine
"Mraouni, Salaheddine",Mraouni Salaheddine
"Tesfom, Sirak",Tesfom Sirak
"Jones, Brenton",Jones Brenton
"Martinez, Yannick",Martinez Yannick
"Jelloul, Adil",Jelloul Adil
"Ukiniwabo, Jean-Paul",Ukiniwabo Jean-Paul
"Munyaneza, Didier",Munyaneza Didier
"Haylemaryam, Kibrom",Haylemaryam Kibrom
"Nouisri, Ali",Nouisri Ali
"Höller, Nikodemus",Höller Nikodemus
"Okubamariam, Tesfom",Okubamariam Tesfom
"Nauleau, Bryan",Nauleau Bryan
"Marque, Alejandro",Marque Alejandro
"Toffali, Nicola",Toffali Nicola
"Dlamini, Nicholas",Dlamini Nicholas
"Bowden, Scott",Bowden Scott
"Castrillo, Jaime",Castrillo Jaime
"Dempster, Zak",Dempster Zak
"Porter, Alex",Porter Alex
"Beppu, Fumiyuki",Beppu Fumiyuki
"Schmidt, Mads",Schmidt Mads
"Owen, Logan",Owen Logan
"Richeze, Adrián",Richeze Adrián
"Anchieri, Pablo",Anchieri Pablo
"Cattapan, Facundo",Cattapan Facundo
"Ramos, Duilio",Ramos Duilio
"Alzate, Carlos",Alzate Carlos
"Asconegui, Roderick",Asconegui Roderick
"Prado, Ignacio",Prado Ignacio
"Alarcón, Pablo",Alarcón Pablo
"Richeze, Mauro",Richeze Mauro
"Cano, Alex",Cano Alex
"Presa, Matías",Presa Matías
"Alvarado, Adrián",Alvarado Adrián
"Monte, Francisco",Monte Francisco
"Villalobos, Román",Villalobos Román
"Oyola, Robigzon",Oyola Robigzon
"Rubiano, Miguel Ángel",Rubiano Miguel Ángel
"Mendoza, Omar",Mendoza Omar
"Richards, Kane",Richards Kane
"Ross, Matthew",Ross Matthew
"Magennis, Liam",Magennis Liam
"Evans, Brad",Evans Brad
"Martin, Oliver",Martin Oliver
"White, Liam",White Liam
"Donohoe, Alistair",Donohoe Alistair
"Whelan, James",Whelan James
"Ovett, Freddy",Ovett Freddy
"Bradbury, Edmund",Bradbury Edmund
"Evans, Alex",Evans Alex
"Vink, Michael",Vink Michael
"Lyons, Angus",Lyons Angus
"Sunderland, Dylan",Sunderland Dylan
"Monk, Cyrus",Monk Cyrus
"Van Gompel, Mathias",Van Gompel Mathias
"Rubio, Jesús",Rubio Jesús
"Van Rooy, Kenneth",Van Rooy Kenneth
"Rodríguez, Cristian",Rodríguez Cristian
"Menten, Milan",Menten Milan
"Dieleman, Michiel",Dieleman Michiel
"Bagües, Aritz",Bagües Aritz
"Idjouadienne, Pierre",Idjouadienne Pierre
"Jaurégui, Quentin",Jaurégui Quentin
"Gabburo, Davide",Gabburo Davide
"Hivert, Jonathan",Hivert Jonathan
"Kasperkiewicz, Przemy..",Kasperkiewicz Przemy..
"Marchand, Gianni",Marchand Gianni
"Devriendt, Tom",Devriendt Tom
"Almansoori, Mohammed",Almansoori Mohammed
"Fenn, Andrew",Fenn Andrew
"Xue, Fuwen",Xue Fuwen
"Valognes, Quentin",Valognes Quentin
"Bevilacqua, Simone",Bevilacqua Simone
"Williams, Chris",Williams Chris
"Sun, Xiaolong",Sun Xiaolong
"McNulty, Brandon",McNulty Brandon
"Almemari, Naser",Almemari Naser
"Pellaud, Simon",Pellaud Simon
"Montiel, Rafael",Montiel Rafael
"Guardini, Andrea",Guardini Andrea
"Arango, Juan",Arango Juan
"Quintero, Carlos",Quintero Carlos
"Roldan, Weimar",Roldan Weimar
"Ospina, Dalivier",Ospina Dalivier
"Báron, Félix",Báron Félix
"Paredes, César",Paredes César
"Parra, Jordan",Parra Jordan
"Hernández, José",Hernández José
"Laas, Martin",Laas Martin
"Pedraza, Walter",Pedraza Walter
"Haedo, Sebastian",Haedo Sebastian
"Cañaveral, Johnatan",Cañaveral Johnatan
"Contreras, Rodrigo",Contreras Rodrigo
"Castiblanco, Jorge",Castiblanco Jorge
"Gil, Alexander",Gil Alexander
"Farazijn, Maxime",Farazijn Maxime
"Irizar, Markel",Irizar Markel
"Schultz, Nick",Schultz Nick
"Juaristi, Txomin",Juaristi Txomin
"Verwilst, Aaron",Verwilst Aaron
"Sanz, Enrique",Sanz Enrique
"Cuadros, Álvaro",Cuadros Álvaro
"Cabedo, Óscar",Cabedo Óscar
"Carretero, Héctor",Carretero Héctor
"Vanmarcke, Sep",Vanmarcke Sep
"Zabala, Josu",Zabala Josu
"Livramento, David",Livramento David
"Afonso, Luís",Afonso Luís
"Rodrigues, João",Rodrigues João
"Pelegrí, Óscar",Pelegrí Óscar
"Mestre, Daniel",Mestre Daniel
"Silva, Bruno",Silva Bruno
"Grigorev, Aleksandr",Grigorev Aleksandr
"Golas, Michal",Golas Michal
"Pelucchi, Matteo",Pelucchi Matteo
"Six, Franklin",Six Franklin
"Goldstein, Omer",Goldstein Omer
"Barceló, Fernando",Barceló Fernando
"Zardini, Edoardo",Zardini Edoardo
"Lecroq, Jérémy",Lecroq Jérémy
"Trusov, Nikolay",Trusov Nikolay
"Porsev, Alexander",Porsev Alexander
"Renshaw, Mark",Renshaw Mark
"Dennis, Rohan",Dennis Rohan
"Maronese, Marco",Maronese Marco
"Brand, Sam",Brand Sam
"Barbier, Rudy",Barbier Rudy
"Bresciani, Michael",Bresciani Michael
"Sobal, Yauhen",Sobal Yauhen
"Zimmermann, Georg",Zimmermann Georg
"Sefa, Ylber",Sefa Ylber
"Lehner, Daniel",Lehner Daniel
"Habtemicheal, Daniel",Habtemicheal Daniel
"Inkelaar, Kevin",Inkelaar Kevin
"Slik, Ivar",Slik Ivar
"Wildauer, Markus",Wildauer Markus
"Habtom, Awet",Habtom Awet
"Raileanu, Cristian",Raileanu Cristian
"Ovechkin, Artem",Ovechkin Artem
"Cantón, Isaac",Cantón Isaac
"Wirtgen, Luc",Wirtgen Luc
"Buskermolen, Jordy",Buskermolen Jordy
"Paroz, Justin",Paroz Justin
"Laporte, Christophe",Laporte Christophe
"Barbero, Carlos",Barbero Carlos
"Scully, Tom",Scully Tom
"Sagiv, Guy",Sagiv Guy
"Kuriyanov, Stepan",Kuriyanov Stepan
"Vlasov, Aleksandr",Vlasov Aleksandr
"Neilands, Krists",Neilands Krists
"Nych, Artem",Nych Artem
"Molano, Sebastián",Molano Sebastián
"Wang, Bo",Wang Bo
"Zulkifli, Azwan",Zulkifli Azwan
"Abdurrohman, Muhammad",Abdurrohman Muhammad
"Duarte, Alvaro",Duarte Alvaro
"Minali, Riccardo",Minali Riccardo
"Tleubayev, Ruslan",Tleubayev Ruslan
"Niu, Yikui",Niu Yikui
"Liu, Jianpeng",Liu Jianpeng
"Azman, Muhammad",Azman Muhammad
"Cahyadi, Aiman",Cahyadi Aiman
"Lebas, Thomas",Lebas Thomas
"Chawchiangkwang, Peer..",Chawchiangkwang Peer..
"Awang, Firdaus",Awang Firdaus
"Sweeny, Harry",Sweeny Harry
"Ali, Mahrus",Ali Mahrus
"Lim, Rustom",Lim Rustom
"Sirionnachai, Sarawut",Sirionnachai Sarawut
"Choi, Seung-woo",Choi Seung-woo
"Zhang, Zheng",Zhang Zheng
"Chirico, Luca",Chirico Luca
"Jumari, Elmi",Jumari Elmi
"Dyball, Ben",Dyball Ben
"Sierra, Yecid",Sierra Yecid
"Raggio, Luca",Raggio Luca
"Gebreigzabheir, Amanuel",Gebreigzabheir Amanuel
"Brozyna, Piotr",Brozyna Piotr
"Eyob, Metkel",Eyob Metkel
"Morey, Drew",Morey Drew
"Scotson, Callum",Scotson Callum
"Gani, Abdul",Gani Abdul
"Belletti, Manuel",Belletti Manuel
"Kwon, Soon-yeong",Kwon Soon-yeong
"Orsini, Umberto",Orsini Umberto
"Phounsavath, Ariya",Phounsavath Ariya
"Cooper, Joe",Cooper Joe
"Pate, Danny",Pate Danny
"Ezquerra, Jesús",Ezquerra Jesús
"Merino, Igor",Merino Igor
"Bizkarra, Mikel",Bizkarra Mikel
"Barthe, Cyril",Barthe Cyril
"Torres, Pablo",Torres Pablo
"Goldstein, Roy",Goldstein Roy
"Duarte, Fabio",Duarte Fabio
"Smit, Willie",Smit Willie
"Padun, Mark",Padun Mark
"Hindley, Jai",Hindley Jai
"Saramotins, Aleksejs",Saramotins Aleksejs
"Rodríguez, Óscar",Rodríguez Óscar
"Božic, Jon",Božic Jon
"Grošelj, Matic",Grošelj Matic
"Poli, Umberto",Poli Umberto
"Dima, Emil",Dima Emil
"Stacchiotti, Riccardo",Stacchiotti Riccardo
"Banicek, Deni",Banicek Deni
"Frankovic, Mateo",Frankovic Mateo
"Rogina, Radoslav",Rogina Radoslav
"Brambilla, Gianluca",Brambilla Gianluca
"Acosta, Ruben",Acosta Ruben
"Brajkovic, Janez",Brajkovic Janez
"Cala, Aristóbulo",Cala Aristóbulo
"Grosu, Eduard",Grosu Eduard
"Gazvoda, Gregor",Gazvoda Gregor
"Cima, Damiano",Cima Damiano
"Golcer, Jure",Golcer Jure
"Pogacar, Tadej",Pogacar Tadej
"Yoshida, Hayato",Yoshida Hayato
"Estrada, Eduardo",Estrada Eduardo
"Horvat, Žiga",Horvat Žiga
"Mertz, Rémy",Mertz Rémy
"Pernsteiner, Hermann",Pernsteiner Hermann
"Journiaux, Axel",Journiaux Axel
"Cuming, Mike",Cuming Mike
"Baylis, Tom",Baylis Tom
"Irizar, Julen",Irizar Julen
"Horton, Toby",Horton Toby
"Stannard, Ian",Stannard Ian
"Basso, Leonardo",Basso Leonardo
"Greef, Robbert de",Greef Robbert de
"Kenway, Adam",Kenway Adam
"McEvoy, Jonathan",McEvoy Jonathan
"Stedman, Max",Stedman Max
"Cullaigh, Gabz",Cullaigh Gabz
"Doull, Owain",Doull Owain
"Dunbar, Eddie",Dunbar Eddie
"Modolo, Sacha",Modolo Sacha
"Denz, Nico",Denz Nico
"Emden, Jos van",Emden Jos van
"Van Hoecke, Gijs",Van Hoecke Gijs
"Armirail, Bruno",Armirail Bruno
"Schip, Jan Willem van",Schip Jan Willem van
"Leveau, Jérémy",Leveau Jérémy
"Leroux, Samuel",Leroux Samuel
"Paillot, Yoann",Paillot Yoann
"Riesebeek, Oscar",Riesebeek Oscar
"Bouhanni, Nacer",Bouhanni Nacer
"Sieberg, Marcel",Sieberg Marcel
"Dernies, Tom",Dernies Tom
"Frank, Mathias",Frank Mathias
"Carpenter, Robin",Carpenter Robin
"Garrison, Ian",Garrison Ian
"Vandenbergh, Stijn",Vandenbergh Stijn
"Rice, Michael",Rice Michael
"Rast, Grégory",Rast Grégory
"Resell, Erik",Resell Erik
"Fløtten, Audun",Fløtten Audun
"Warlop, Jordi",Warlop Jordi
"Hagen, Krister",Hagen Krister
"Veyhe, Torkil",Veyhe Torkil
"Saugstad, Lars",Saugstad Lars
"Boucher, David",Boucher David
"Træen, Torstein",Træen Torstein
"Martens, Paul",Martens Paul
"Dibben, Jonathan",Dibben Jonathan
"Ruijgh, Rob",Ruijgh Rob
"Bussard, Dimitri",Bussard Dimitri
"Thominet, Camille",Thominet Camille
"Joly, Thomas",Joly Thomas
"Mobach, Jarno",Mobach Jarno
"Vichot, Arthur",Vichot Arthur
"Peters, Nans",Peters Nans
"Badilatti, Matteo",Badilatti Matteo
"Hirschi, Marc",Hirschi Marc
"Peña, Wilson",Peña Wilson
"Thalmann, Roland",Thalmann Roland
"Yasuhara, Daiki",Yasuhara Daiki
"Brown, Connor",Brown Connor
"Kusaba, Keigo",Kusaba Keigo
"Oka, Atsushi",Oka Atsushi
"Arashiro, Yukiya",Arashiro Yukiya
"Aso, Keisuke",Aso Keisuke
"Arashiro, Yudai",Arashiro Yudai
"Schreurs, Hamish",Schreurs Hamish
"Suzuki, Yuzuru",Suzuki Yuzuru
"Ponzi, Simone",Ponzi Simone
"Guardiola, Salvador",Guardiola Salvador
"Crome, Sam",Crome Sam
"Piper, Cameron",Piper Cameron
"Nakata, Takuya",Nakata Takuya
"Cheung, King Lok",Cheung King Lok
"Leysen, Senne",Leysen Senne
"Bouvry, Dieter",Bouvry Dieter
"Boroš, Michael",Boroš Michael
"Van Genechten, Jonas",Van Genechten Jonas
"Jacobs, Johan",Jacobs Johan
"Janssens, Jimmy",Janssens Jimmy
"Noppe, Christophe",Noppe Christophe
"Adams, Jens",Adams Jens
"Nowak, Florian",Nowak Florian
"Meiler, Lukas",Meiler Lukas
"Schormair, Fabian",Schormair Fabian
"Krieger, Alexander",Krieger Alexander
"Schelling, Patrick",Schelling Patrick
"Tulik, Angélo",Tulik Angélo
"Eiking, Odd",Eiking Odd
"Colman, Alex",Colman Alex
"Zoccarato, Samuele",Zoccarato Samuele
"Faresin, Edoardo",Faresin Edoardo
"Landi, Marco",Landi Marco
"Philipsen, Jasper",Philipsen Jasper
"Marchetti, Moreno",Marchetti Moreno
"Burger, Sven",Burger Sven
"Smarzaro, Daniel",Smarzaro Daniel
"Hoole, Daan",Hoole Daan
"Branchini, Giulio",Branchini Giulio
"Corradini, Michele",Corradini Michele
"Iversen, Rasmus",Iversen Rasmus
"Stannard, Robert",Stannard Robert
"Thijssen, Gerben",Thijssen Gerben
"Schelling, Ide",Schelling Ide
"Moro, Stefano",Moro Stefano
"Battistella, Samuele",Battistella Samuele
"Orlandi, Federico",Orlandi Federico
"Sevilla, Diego",Sevilla Diego
"Downey, Mark",Downey Mark
"Osorio, Alejandro",Osorio Alejandro
"Muñoz, Daniel",Muñoz Daniel
"Muñoz, Cristian",Muñoz Cristian
"Williams, Stephen",Williams Stephen
"Natarov, Yuriy",Natarov Yuriy
"Covi, Alessandro",Covi Alessandro
"Colombo, Raul",Colombo Raul
"Garavaglia, Giacomo",Garavaglia Giacomo
"Pugi, Gianni",Pugi Gianni
"Bayembayev, Olzhas",Bayembayev Olzhas
"Bjerg, Mikkel",Bjerg Mikkel
"Elosegui, Íñigo",Elosegui Íñigo
"Shtein, Grigoriy",Shtein Grigoriy
"Rubio, Einer",Rubio Einer
"Almeida, João",Almeida João
"Apers, Ruben",Apers Ruben
"Donovan, Mark",Donovan Mark
"Di Felice, Francesco",Di Felice Francesco
"Dorigoni, Jakob",Dorigoni Jakob
"Mozzato, Luca",Mozzato Luca
"Radice, Raffaele",Radice Raffaele
"Moreno, Iván",Moreno Iván
"Márquez, Martí",Márquez Martí
"Barta, Will",Barta Will
"Ries, Michel",Ries Michel
"Caiati, Aldo",Caiati Aldo
"Gaillard, Marlon",Gaillard Marlon
"Burgaudeau, Mathieu",Burgaudeau Mathieu
"Adriá, Roger",Adriá Roger
"Covili, Luca",Covili Luca
"Ulysbayev, Dinmukhammed",Ulysbayev Dinmukhammed
"Pronskiy, Vadim",Pronskiy Vadim
"Van Moer, Brent",Van Moer Brent
"Watson, Calvin",Watson Calvin
"Zaccanti, Filippo",Zaccanti Filippo
"Bellan, Juraj",Bellan Juraj
"Cemažar, Nik",Cemažar Nik
"Katrašnik, Gasper",Katrašnik Gasper
"Hacecký, Vojtech",Hacecký Vojtech
"Kluge, Roger",Kluge Roger
"Consonni, Simone",Consonni Simone
"Kuen, Maximilian",Kuen Maximilian
"Veber, Matic",Veber Matic
"Grošelj, Žiga",Grošelj Žiga
"Arslanov, Ildar",Arslanov Ildar
"Janse van Rensburg, R..",Janse van Rensburg R..
"Degand, Thomas",Degand Thomas
"Hayman, Mathew",Hayman Mathew
"Loderer, Timon",Loderer Timon
"Pelikán, János",Pelikán János
"Gate, Aaron",Gate Aaron
"Hofer, Andreas",Hofer Andreas
"Pöll, Stefan",Pöll Stefan
"Steimle, Jannik",Steimle Jannik
"Moreno, Javier",Moreno Javier
"Zeits, Andrey",Zeits Andrey
"Schlegel, Michal",Schlegel Michal
"Hrinkow, Dominik",Hrinkow Dominik
"Cardona, Julián",Cardona Julián
"Dotti, Ottavio",Dotti Ottavio
"Baldaccini, Davide",Baldaccini Davide
"Colonna, Yuri",Colonna Yuri
"Henrio, Ewen",Henrio Ewen
"Huys, Laurens",Huys Laurens
"Rochas, Rémy",Rochas Rémy
"Bais, Mattia",Bais Mattia
"Bellia, Matteo",Bellia Matteo
"Leknessund, Andreas",Leknessund Andreas
"Abderrahim, Zahiri",Abderrahim Zahiri
"Colleoni, Kevin",Colleoni Kevin
"Mugisha, Samuel",Mugisha Samuel
"Bod, Stefan de",Bod Stefan de
"Mazzucco, Fabio",Mazzucco Fabio
"Tasset, Marvin",Tasset Marvin
"Kuzmin, Anton",Kuzmin Anton
"López, Juan",López Juan
"Vansevenant, Mauri",Vansevenant Mauri
"Taminiaux, Lionel",Taminiaux Lionel
"Tronet, Steven",Tronet Steven
"Aerts, Thijs",Aerts Thijs
"Planckaert, Edward",Planckaert Edward
"Planckaert, Baptiste",Planckaert Baptiste
"Haar, Lars van der",Haar Lars van der
"Sellier, Simon",Sellier Simon
"Soupe, Geoffrey",Soupe Geoffrey
"Lyhne, Daniel",Lyhne Daniel
"Kongstad, Tobias",Kongstad Tobias
"Pedersen, Nicklas",Pedersen Nicklas
"Sørensen, Chris",Sørensen Chris
"Toudal, Emil",Toudal Emil
"Buts, Vitaliy",Buts Vitaliy
"Wallin, Rasmus",Wallin Rasmus
"Joyce, Colin",Joyce Colin
"Rutkiewicz, Marek",Rutkiewicz Marek
"Wisniowski, Lukasz",Wisniowski Lukasz
"Zielinski, Kamil",Zielinski Kamil
"Simpson, George",Simpson George
"Olivier, Daan",Olivier Daan
"Mawditt, Lionel",Mawditt Lionel
"Easter, Griffin",Easter Griffin
"Bassetti, Sam",Bassetti Sam
"McGeough, Cormac",McGeough Cormac
"Hernandez, Michael",Hernandez Michael
"Swirbul, Keegan",Swirbul Keegan
"Ávila, Edwin",Ávila Edwin
"Baca, Tony",Baca Tony
"Hecht, Gage",Hecht Gage
"Ellsay, Nigel",Ellsay Nigel
"Anderson, Edward",Anderson Edward
"Shelden, Taylor",Shelden Taylor
"Sánchez, Brayan",Sánchez Brayan
"Villalobos, Luis",Villalobos Luis
"Conci, Nicola",Conci Nicola
"Burke, Jack",Burke Jack
"García, Ricardo",García Ricardo
"De Rossi, Lucas",De Rossi Lucas
"Tizza, Marco",Tizza Marco
"Aranburu, Álex",Aranburu Álex
"Fernández, Egoitz",Fernández Egoitz
"Ropero, Alejandro",Ropero Alejandro
"Sosa, Iván",Sosa Iván
"Mendes, José",Mendes José
"Guernalec, Thibault",Guernalec Thibault
"Berg, Julius van den",Berg Julius van den
"Vermeltfoort, Coen",Vermeltfoort Coen
"Seigle, Romain",Seigle Romain
"Cimolai, Davide",Cimolai Davide
"Waeytens, Zico",Waeytens Zico
"Gouault, Pierre",Gouault Pierre
"Antonini, Simone",Antonini Simone
"Trarieux, Julien",Trarieux Julien
"Feillu, Romain",Feillu Romain
"Bonnamour, Franck",Bonnamour Franck
"Skaarseth, Anders",Skaarseth Anders
"Guérin, Alexis",Guérin Alexis
"Evensen, Henrik",Evensen Henrik
"Le Bon, Johan",Le Bon Johan
"Toupalík, Adam",Toupalík Adam
"Mortier, Julien",Mortier Julien
"Lemoine, Cyril",Lemoine Cyril
"Cataford, Alex",Cataford Alex
"Stephens, Austin",Stephens Austin
"Lewis, Joe",Lewis Joe
"Tracz, Szymon",Tracz Szymon
"Vincent, Joris",Vincent Joris
"Denis, Thomas",Denis Thomas
"Klaris, Magnus",Klaris Magnus
"Riou, Alan",Riou Alan
"Antunes, Tiago",Antunes Tiago
"Barac, Antonio",Barac Antonio
"Verschaeve, Viktor",Verschaeve Viktor
"Arensman, Thymen",Arensman Thymen
"Maciejuk, Filip",Maciejuk Filip
"Guglielmi, Simon",Guglielmi Simon
"Stork, Florian",Stork Florian
"Tejada, Harold",Tejada Harold
"Honoré, Mikkel",Honoré Mikkel
"Champoussin, Clément",Champoussin Clément
"Kanter, Max",Kanter Max
"Sajnok, Szymon",Sajnok Szymon
"Bagioli, Andrea",Bagioli Andrea
"Gall, Felix",Gall Felix
"Foss, Tobias",Foss Tobias
"Reutter, Sven",Reutter Sven
"Reynders, Jens",Reynders Jens
"Mandrysch, John",Mandrysch John
"Haller, Patrick",Haller Patrick
"Oronte, Emerson",Oronte Emerson
"Hollmann, Juri",Hollmann Juri
"Eekhoff, Nils",Eekhoff Nils
"Bol, Cees",Bol Cees
"Kämna, Lennard",Kämna Lennard
"Thomas, Benjamin",Thomas Benjamin
"Mezgec, Luka",Mezgec Luka
"Bostock, Matthew",Bostock Matthew
"Pym, George",Pym George
"Liepinš, Emils",Liepinš Emils
"Rowsell, Erick",Rowsell Erick
"Strakhov, Dmitry",Strakhov Dmitry
"Mould, Jon",Mould Jon
"Pidcock, Thomas",Pidcock Thomas
"Paton, Alex",Paton Alex
"Neves, José",Neves José
"Hayter, Ethan",Hayter Ethan
"Txoperena, Beñat",Txoperena Beñat
"Sessler, Nicolas",Sessler Nicolas
"Reyes, Aldemar",Reyes Aldemar
"Bakirci, Nazim",Bakirci Nazim
"Garcia, Jhojan",Garcia Jhojan
"Jakobsen, Fabio",Jakobsen Fabio
"Schulting, Peter",Schulting Peter
"Elliott, Nathan",Elliott Nathan
"Gu, Bingcheng",Gu Bingcheng
"Kreder, Raymond",Kreder Raymond
"Ortega, Mauricio",Ortega Mauricio
"Lyu, Xianjing",Lyu Xianjing
"Meyer, Robin",Meyer Robin
"Parra, Edwin",Parra Edwin
"Carisey, Clément",Carisey Clément
"Bissegger, Stefan",Bissegger Stefan
"Einhorn, Itamar",Einhorn Itamar
"Rhee, Joey van",Rhee Joey van
"Guo, Liang",Guo Liang
"Benfatto, Marco",Benfatto Marco
"Lea, Jason",Lea Jason
"Kleiman, Wim",Kleiman Wim
"Jiang, Zhihui",Jiang Zhihui
"Polivoda, Oleksandr",Polivoda Oleksandr
"Engelen, Adne van",Engelen Adne van
"Kennett, Dylan",Kennett Dylan
"Muzychkin, Anton",Muzychkin Anton
"Orchard, Toby",Orchard Toby
"Rohde, Leon",Rohde Leon
"Gebresilasie, Tesfay",Gebresilasie Tesfay
"Davidenok, Ilya",Davidenok Ilya
"Debesay, Yakob",Debesay Yakob
"Pavlic, Marko",Pavlic Marko
"Mebrahtom, Natnael",Mebrahtom Natnael
"Frahm, Jasper",Frahm Jasper
"Bazhkou, Stanislau",Bazhkou Stanislau
"Liu, Jiankun",Liu Jiankun
"Okamoto, Hayato",Okamoto Hayato
"Stöhr, Jan",Stöhr Jan
"Volkers, Sam",Volkers Sam
"Kononenko, Mykhailo",Kononenko Mykhailo
"Jonge, Maarten de",Jonge Maarten de
"Kim, Ok-cheol",Kim Ok-cheol
"Bialiauski, Vasily",Bialiauski Vasily
"Shi, Hang",Shi Hang
"Yaguaro, Isaac",Yaguaro Isaac
"Monsalve, Ralph",Monsalve Ralph
"Mendoza, Luis",Mendoza Luis
"Bravo, Wilmen",Bravo Wilmen
"Briceño, Fernando",Briceño Fernando
"Duran, Farfan",Duran Farfan
"Martinez, Sergio",Martinez Sergio
"Torres, Cristian",Torres Cristian
"Abreu, Jorge",Abreu Jorge
"Campos, Roniel",Campos Roniel
"Ramírez, Yurgen",Ramírez Yurgen
"Guamá, Bayron",Guamá Bayron
"Cruz, Addelyn",Cruz Addelyn
"Ortiz, Agustín",Ortiz Agustín
"Quinteros, Alexis",Quinteros Alexis
"Velandia, Miguel",Velandia Miguel
"Bruzual, Jose",Bruzual Jose
"González, Ronald",González Ronald
"Ochoa, Gaudys",Ochoa Gaudys
"Villegas, Jesus",Villegas Jesus
"Halvorsen, Kristoffer",Halvorsen Kristoffer
"Potter, Michael",Potter Michael
"White, Nick",White Nick
"Ploeg, Neil van der",Ploeg Neil van der
"Tamasna, Mohamed",Tamasna Mohamed
"Debretsion, Aron",Debretsion Aron
"Du Plooy, Rohan",Du Plooy Rohan
"Julius, Jaydé",Julius Jaydé
"Benyoucef, Abdallah",Benyoucef Abdallah
"Bamogo, Seydou",Bamogo Seydou
"Kamzong, Clovis",Kamzong Clovis
"Ermenault, Corentin",Ermenault Corentin
"Cam, Maxime",Cam Maxime
"Cissé, Isiaka",Cissé Isiaka
"Redae, Tedros",Redae Tedros
"Mansouri, Abderrahmane",Mansouri Abderrahmane
"Sabbahi, Lahcen",Sabbahi Lahcen
"Arroyo, Victor",Arroyo Victor
"Contreras, Emiliano",Contreras Emiliano
"Navarrete, Maximiliano",Navarrete Maximiliano
"Zamora, Daniel",Zamora Daniel
"Gordillo, Pedro",Gordillo Pedro
"Gamero, Alonso",Gamero Alonso
"Gohr, Andre",Gohr Andre
"Bravo, Edison",Bravo Edison
"Álvarez, Miguel",Álvarez Miguel
"Paredes, Ricardo",Paredes Ricardo
"Navarro, Royner",Navarro Royner
"Mendez, Robert",Mendez Robert
"Soto, Nelson",Soto Nelson
"Montoya, Cristhian",Montoya Cristhian
"Martínez, José",Martínez José
"Štocek, Matúš",Štocek Matúš
"Santos, Efrén",Santos Efrén
"Toovey, Ayden",Toovey Ayden
"Michelin-Beard, Karl",Michelin-Beard Karl
"Newbery, Dylan",Newbery Dylan
"Hamilton, Lucas",Hamilton Lucas
"Frame, Alex",Frame Alex
"Mudgway, Luke",Mudgway Luke
"Murtagh, Conor",Murtagh Conor
"Cavanagh, Ryan",Cavanagh Ryan
"Docker, Mitchell",Docker Mitchell
"Bou, Joan",Bou Joan
"Iturria, Mikel",Iturria Mikel
"Alarcón, Raúl",Alarcón Raúl
"Moreira, Mauricio",Moreira Mauricio
"Andemeskel, Awet",Andemeskel Awet
"Nizzolo, Giacomo",Nizzolo Giacomo
"Van Poucke, Aaron",Van Poucke Aaron
"Martín, Gotzon",Martín Gotzon
"Bernardinetti, Marco",Bernardinetti Marco
"Freuler, Jan",Freuler Jan
"Vermeulen, Emiel",Vermeulen Emiel
"Capiot, Amaury",Capiot Amaury
"Cuesta, Steven",Cuesta Steven
"Angarita, Marvin",Angarita Marvin
"Muñoz, William",Muñoz William
"Quiroz, Óscar",Quiroz Óscar
"Ochoa, Diego",Ochoa Diego
"Camacho, Alexis",Camacho Alexis
"Barbier, Pierre",Barbier Pierre
"Salzmann, Jodok",Salzmann Jodok
"Moschetti, Matteo",Moschetti Matteo
"Timmermans, Justin",Timmermans Justin
"Planckaert, Emiel",Planckaert Emiel
"Livyns, Arjen",Livyns Arjen
"Réza, Kévin",Réza Kévin
"Van Staeyen, Michael",Van Staeyen Michael
"Pessot, Alessandro",Pessot Alessandro
"Cuadrado, Unai",Cuadrado Unai
"Kulikovskiy, Alexandr",Kulikovskiy Alexandr
"Zhigunov, Dzmitry",Zhigunov Dzmitry
"Soto, Antonio",Soto Antonio
"Fernandes, José xxx",Fernandes José xxx
"De Witte, Mathias",De Witte Mathias
"Paulinho, Pedro",Paulinho Pedro
"Ribeiro, David",Ribeiro David
"Lourenço, Rafael",Lourenço Rafael
"Angulo, Antonio",Angulo Antonio
"Paulinho, Sérgio",Paulinho Sérgio
"Schillinger, Andreas",Schillinger Andreas
"Nanclares, Jesús",Nanclares Jesús
"Gonçalves, Domingos",Gonçalves Domingos
"Fernandes, Luís",Fernandes Luís
"Costa, Fábio",Costa Fábio
"Uwizeyimana, Bonavent..",Uwizeyimana Bonavent..
"Hudry, Florian",Hudry Florian
"Mugisha, Moïse",Mugisha Moïse
"Rugg, Timothy",Rugg Timothy
"Dario, Antonio",Dario Antonio
"Hailemichael, Mulu",Hailemichael Mulu
"Nsengimana, Jean-Bosco",Nsengimana Jean-Bosco
"Guillonnet, Adrien",Guillonnet Adrien
"Aguirre, Hernán",Aguirre Hernán
"Kangangi, Suleiman",Kangangi Suleiman
"Lagab, Azzedine",Lagab Azzedine
"Araújo, Bruno",Araújo Bruno
"Ndayisenga, Valens",Ndayisenga Valens
"Byukusenge, Patrick",Byukusenge Patrick
"Grmaye, Biniam",Grmaye Biniam
"Doléatto, Aurélien",Doléatto Aurélien
"Heerden, Mornay van",Heerden Mornay van
"Manizabayo, Eric",Manizabayo Eric
"Bauhaus, Phil",Bauhaus Phil
"Shilov, Sergey",Shilov Sergey
"Ho, Burr",Ho Burr
"Lu, Shao Hsuan",Lu Shao Hsuan
"Saiudomsin, Phuchong",Saiudomsin Phuchong
"Wang, Jing Huei",Wang Jing Huei
"Obersteiner, Florian",Obersteiner Florian
"Young, Eric",Young Eric
"Rodriguez, Alfredo",Rodriguez Alfredo
"Culey, Marcus",Culey Marcus
"Lonardi, Giovanni",Lonardi Giovanni
"Rapp, Jonas",Rapp Jonas
"Knauer, Florenz",Knauer Florenz
"Oosthuizen, Jason",Oosthuizen Jason
"Fung, Ka Hoo",Fung Ka Hoo
"Gómez, Bryan",Gómez Bryan
"Peng, Yuan Tang",Peng Yuan Tang
"Niv, Guy",Niv Guy
"Masuda, Nariyuki",Masuda Nariyuki
"Zukowsky, Nickolas",Zukowsky Nickolas
"Cerný, Josef",Cerný Josef
"Bouchard, Geoffrey",Bouchard Geoffrey
"Evtuschenko, Alexander",Evtuschenko Alexander
"Ocampo, Victor",Ocampo Victor
"Ficara, Pierpaolo",Ficara Pierpaolo
"Piccot, Michel",Piccot Michel
"Crista, Daniel",Crista Daniel
"Puccioni, Dario",Puccioni Dario
"Toniatti, Andrea",Toniatti Andrea
"Lukševics, Viesturs",Lukševics Viesturs
"Duranti, Jalel",Duranti Jalel
"Burchio, Federico",Burchio Federico
"Davids, Brendon",Davids Brendon
"Rivera, Kevin",Rivera Kevin
"Tigrine, Mehdi",Tigrine Mehdi
"Saleh, Mohd Zamri",Saleh Mohd Zamri
"Freiberg, Michael",Freiberg Michael
"Kim, Ji-hun",Kim Ji-hun
"Brussenskiy, Gleb",Brussenskiy Gleb
"Kastrantas, Charalampos",Kastrantas Charalampos
"Chaves, Brayan",Chaves Brayan
"Pronskiy, Daniil",Pronskiy Daniil
"Main, Kent",Main Kent
"Saleh, Mohd Harrif",Saleh Mohd Harrif
"Hendricks, Clint",Hendricks Clint
"Marengo, Umberto",Marengo Umberto
"Oram, James",Oram James
"Zenovich, Matthew",Zenovich Matthew
"Chrétien, Charles-Éti..",Chrétien Charles-Éti..
"Savini, Daniel",Savini Daniel
"Vingegaard, Jonas",Vingegaard Jonas
"Robredo, Álvaro",Robredo Álvaro
"De Vylder, Lindsay",De Vylder Lindsay
"Dogan, Halil",Dogan Halil
"Willems, Thimo",Willems Thimo
"Mestre, Ricardo",Mestre Ricardo
"Bertazzo, Liam",Bertazzo Liam
"Örken, Ahmet",Örken Ahmet
"Langellotti, Victor",Langellotti Victor
"Barrenetxea, Ander",Barrenetxea Ander
"Ghys, Robbe",Ghys Robbe
"Viejo, Dani",Viejo Dani
"Evenepoel, Remco",Evenepoel Remco
"Pinto, Edgar",Pinto Edgar
"Akdilek, Ahmet",Akdilek Ahmet
"Rocchetti, Filippo",Rocchetti Filippo
"Bayer, Tobias",Bayer Tobias
"Sureda, Jaume",Sureda Jaume
"Trueba, Álvaro",Trueba Álvaro
"Figueiredo, Frederico",Figueiredo Frederico
"Casimiro, Henrique",Casimiro Henrique
"Aberasturi, Jon",Aberasturi Jon
"Jurado, Marcos",Jurado Marcos
"Silva, Rafael",Silva Rafael
"Campos, Francisco",Campos Francisco
"González, Mário",González Mário
"Imhof, Claudio",Imhof Claudio
"Bagdonas, Gediminas",Bagdonas Gediminas
"Vermaerke, Kevin",Vermaerke Kevin
"Bigham, Daniel",Bigham Daniel
"McGlinchey, Chris",McGlinchey Chris
"Fouché, James",Fouché James
"Mottram, Michael",Mottram Michael
"Scott, Rob",Scott Rob
"Archibald, John",Archibald John
"Flórez, Miguel",Flórez Miguel
"Stites, Tyler",Stites Tyler
"Hoehn, Alex",Hoehn Alex
"Brown, Jonathan",Brown Jonathan
"Sagan, Juraj",Sagan Juraj
"Sarreau, Marc",Sarreau Marc
"Dewulf, Stan",Dewulf Stan
"Berrade, Urko",Berrade Urko
"Hoelgaard, Daniel",Hoelgaard Daniel
"Frison, Frederik",Frison Frederik
"Münstermann, Per",Münstermann Per
"Vulcan, Denis",Vulcan Denis
"Korošec, Rok",Korošec Rok
"Härtig, Jonas",Härtig Jonas
"Ito, Masakazu",Ito Masakazu
"Naberman, Tim",Naberman Tim
"Lafay, Victor",Lafay Victor
"Paret-Peintre, Aurélien",Paret-Peintre Aurélien
"Eriksson, Jacob",Eriksson Jacob
"Lunder, Eirik",Lunder Eirik
"Sotberg, Andre",Sotberg Andre
"Quaade, Rasmus",Quaade Rasmus
"Abrahamsen, Jonas",Abrahamsen Jonas
"Geßner, Konrad",Geßner Konrad
"Knaup, Tobias",Knaup Tobias
"Mol, Wesley",Mol Wesley
"Meisen, Marcel",Meisen Marcel
"Silva, Joaquim",Silva Joaquim
"Vermeersch, Gianni",Vermeersch Gianni
"Debruyne, Glenn",Debruyne Glenn
"Vergaerde, Otto",Vergaerde Otto
"Weemaes, Sasha",Weemaes Sasha
"Bobbo, Riccardo",Bobbo Riccardo
"Baldo, Mattia",Baldo Mattia
"Cecchini, Marco",Cecchini Marco
"Cassarà, Giacomo",Cassarà Giacomo
"Rosati, Federico",Rosati Federico
"Stojnic, Veljko",Stojnic Veljko
"Peña, Jesus",Peña Jesus
"Tosin, Riccardo",Tosin Riccardo
"Casarotto, Davide",Casarotto Davide
"Konychev, Alexander",Konychev Alexander
"Vandenabeele, Henri",Vandenabeele Henri
"Dalla Valle, Nicolas",Dalla Valle Nicolas
"Ninci, Gabriele",Ninci Gabriele
"Ardila, Andres",Ardila Andres
"Alba, Juan",Alba Juan
"Ferri, Gregorio",Ferri Gregorio
"Masi, Davide",Masi Davide
"Nurlykhassym, Nur",Nurlykhassym Nur
"Scaroni, Cristian",Scaroni Cristian
"Conca, Filippo",Conca Filippo
"Parra, José Félix",Parra José Félix
"Quinn, Sean",Quinn Sean
"Pietrobon, Andrea",Pietrobon Andrea
"Bustamante, Adrian",Bustamante Adrian
"Peák, Barnabas",Peák Barnabas
"Ramirez, Jhon",Ramirez Jhon
"Sobrero, Matteo",Sobrero Matteo
"Tulett, Daniel",Tulett Daniel
"Venchiarutti, Nicola",Venchiarutti Nicola
"Tarozzi, Manuele",Tarozzi Manuele
"Garosio, Andrea",Garosio Andrea
"Jarc, Aljaž",Jarc Aljaž
"Pirih, Aleš",Pirih Aleš
"Per, David",Per David
"Schmidt, Fabien",Schmidt Fabien
"Kierner, Florian",Kierner Florian
"Krul, Stef",Krul Stef
"Sintmaartensdijk, Daa..",Sintmaartensdijk Daa..
"Walscheid, Max",Walscheid Max
"Goeman, Jonas",Goeman Jonas
"Aristi, Mikel",Aristi Mikel
"Stockman, Abram",Stockman Abram
"Doets, Marco",Doets Marco
"González, Roberto",González Roberto
"Ritzinger, Felix",Ritzinger Felix
"Gamper, Mario",Gamper Mario
"Engelhardt, Felix",Engelhardt Felix
"Graf, Andreas",Graf Andreas
"Paaschens, Mathijs",Paaschens Mathijs
"Bajc, Andi",Bajc Andi
"Achterberg, Yannik",Achterberg Yannik
"Podlaski, Michal",Podlaski Michal
"Gamper, Florian",Gamper Florian
"Auer, Daniel",Auer Daniel
"Bonnet, William",Bonnet William
"Gerrits, Ben",Gerrits Ben
"Piccolo, Simone",Piccolo Simone
"Leyman, Celestin",Leyman Celestin
"Chevalier, Maxime",Chevalier Maxime
"Pallesen, Jeppe",Pallesen Jeppe
"Hartley, Adam",Hartley Adam
"Lavric, Martin",Lavric Martin
"Buitrago, Santiago",Buitrago Santiago
"Combes, Simon",Combes Simon
"Oldani, Stefano",Oldani Stefano
"Hindsgaul, Jacob",Hindsgaul Jacob
"Heidemann, Miguel",Heidemann Miguel
"Vereecken, Thomas",Vereecken Thomas
"Ghigino, Valter",Ghigino Valter
"Petrucci, Mattia",Petrucci Mattia
"Botta, Davide",Botta Davide
"Van Wilder, Ilan",Van Wilder Ilan
"Baroncini, Filippo",Baroncini Filippo
"Tarlton, Alexander",Tarlton Alexander
"Adamietz, Johannes",Adamietz Johannes
"Van Gils, Maxim",Van Gils Maxim
"Kessel, Corné van",Kessel Corné van
"Ganna, Filippo",Ganna Filippo
"Kaczmarek, Jakub",Kaczmarek Jakub
"Franczak, Pawel",Franczak Pawel
"Boardman, Sam",Boardman Sam
"Samuel, Travis",Samuel Travis
"Vodicka, Camden",Vodicka Camden
"Heider, Christopher",Heider Christopher
"Heming, Miká",Heming Miká
"Kirby, Quinten",Kirby Quinten
"Zimmer, Matt",Zimmer Matt
"De Luna, Flavio",De Luna Flavio
"Cowan, Alexander",Cowan Alexander
"Font, Bernat",Font Bernat
"Brunner, Eric",Brunner Eric
"McGill, Scott",McGill Scott
"Vinhas, Rui",Vinhas Rui
"Azurmendi, Ibai",Azurmendi Ibai
"Norsgaard, Mathias",Norsgaard Mathias
"Märkl, Niklas",Märkl Niklas
"Jenner, Samuel",Jenner Samuel
"Price-Pejtersen, Johan",Price-Pejtersen Johan
"Brown, Jim",Brown Jim
"Acosta, Thomas",Acosta Thomas
"Balfour, Stuart",Balfour Stuart
"Haro, Wilson",Haro Wilson
"Suter, Joël",Suter Joël
"Aleotti, Giovanni",Aleotti Giovanni
"Wright, Fred",Wright Fred
"Jorgenson, Matteo",Jorgenson Matteo
"Froidevaux, Robin",Froidevaux Robin
"Healy, Ben",Healy Ben
"Hulgaard, Morten",Hulgaard Morten
"Cepeda, Alexander",Cepeda Alexander
"Prodhomme, Nicolas",Prodhomme Nicolas
"Lazkano, Oier",Lazkano Oier
"Rutsch, Jonas",Rutsch Jonas
"Moniquet, Sylvain",Moniquet Sylvain
"Agirre, Jon",Agirre Jon
"Valter, Attila",Valter Attila
"Berg, Lars van den",Berg Lars van den
"Eriksson, Lucas",Eriksson Lucas
"Blikra, Erlend",Blikra Erlend
"Hvideberg, Jonas",Hvideberg Jonas
"Carr, Simon",Carr Simon
"Niekerk, Morné van",Niekerk Morné van
"Martín, Sergio",Martín Sergio
"Skot-Hansen, Aksel",Skot-Hansen Aksel
"Rahbek, Mads",Rahbek Mads
"Jensen, Frederik",Jensen Frederik
"Salmon, Martin",Salmon Martin
"Mortensen, Martin",Mortensen Martin
"Serrano, Gonzalo",Serrano Gonzalo
"Christensen, Ryan",Christensen Ryan
"Laverack, Ed",Laverack Ed
"Desriac, Loïc",Desriac Loïc
"Aert, Bernard van",Aert Bernard van
"Fathoni, Muhammad",Fathoni Muhammad
"Bakker, Stephan",Bakker Stephan
"Ganjkhanlou, Mohammad",Ganjkhanlou Mohammad
"Sansaka, Reno",Sansaka Reno
"Cariño, Daniel",Cariño Daniel
"Drinovec, Matej",Drinovec Matej
"Juangga, Selamat",Juangga Selamat
"Riyadi, Elan",Riyadi Elan
"Rajovic, Dušan",Rajovic Dušan
"Sonnleitner, Jonas",Sonnleitner Jonas
"Nolde, Tobias",Nolde Tobias
"Dool, Jens van den",Dool Jens van den
"Jägeler, Robert",Jägeler Robert
"Rivi, Samuele",Rivi Samuele
"McLay, Daniel",McLay Daniel
"Hoyos, Juan",Hoyos Juan
"Rodríguez, Jackson",Rodríguez Jackson
"Briceño, Jimmi",Briceño Jimmi
"Ubeto, Miguel",Ubeto Miguel
"Nava, John",Nava John
"Villasmil, Alexander",Villasmil Alexander
"Araujo, Jhonny",Araujo Jhonny
"Quintero, Leonel",Quintero Leonel
"Sanabria, César",Sanabria César
"Ribas, Angel",Ribas Angel
"Peña, Juan",Peña Juan
"Lievano, Carlos",Lievano Carlos
"Roa, Kevin",Roa Kevin
"Meneses, Henry",Meneses Henry
"Flores, Ruben",Flores Ruben
"Salinas, Jhonathan",Salinas Jhonathan
"Gálviz, Carlos",Gálviz Carlos
"Camargo, Jhonatan",Camargo Jhonatan
"Ruiz, Juan",Ruiz Juan
"Yemane, Dawit",Yemane Dawit
"El Arbaoui, Adil",El Arbaoui Adil
"Daumont, Paul",Daumont Paul
"Uhiriwe, Renus",Uhiriwe Renus
"Tesfazion, Natnael",Tesfazion Natnael
"Butler, Reynard",Butler Reynard
"Levasseur, Jordan",Levasseur Jordan
"Saidi, Nassim",Saidi Nassim
"Khafi, Oussama",Khafi Oussama
"Cheblaoui, Oussama",Cheblaoui Oussama
"Cole, Gabriel",Cole Gabriel
"Sabbahi, El Houçaine",Sabbahi El Houçaine
"Nikiema, Abdoul Aziz",Nikiema Abdoul Aziz
"Oyarzún, Carlos",Oyarzún Carlos
"Kruger, Hendrik",Kruger Hendrik
"Drizners, Jarrad",Drizners Jarrad
"Welsford, Sam",Welsford Sam
"Fraysse, Agustin",Fraysse Agustin
"Ballarin, Iker",Ballarin Iker
"Rangel, Vinicius",Rangel Vinicius
"Montes, Francisco",Montes Francisco
"Ruiz, Hugo",Ruiz Hugo
"Jurado, Cristofer",Jurado Cristofer
"Goikoetxea, Peio",Goikoetxea Peio
"Paredes, Anderson",Paredes Anderson
"Camargo, Diego",Camargo Diego
"Atencio, Gerardo",Atencio Gerardo
"Zullo, Antonio",Zullo Antonio
"Aranburu, Jokin",Aranburu Jokin
"Di Renzo, Andrea",Di Renzo Andrea
"Curuchet, Juan",Curuchet Juan
"Marchesini, Riccardo",Marchesini Riccardo
"Bassett, Stephen",Bassett Stephen
"Haussler, Heinrich",Haussler Heinrich
"Fuentes, Ángel",Fuentes Ángel
"Nicolau, Joel",Nicolau Joel
"Batmunkh, Maral-erdene",Batmunkh Maral-erdene
"Tipper, Jacob",Tipper Jacob
"Jones, Richard",Jones Richard
"Eefting, Roy",Eefting Roy
"Wiggins, Craig",Wiggins Craig
"Thomas, Ryan",Thomas Ryan
"Bickmore, Cade",Bickmore Cade
"Berwick, Sebastian",Berwick Sebastian
"Hill, Sam",Hill Sam
"Turnbull, Carter",Turnbull Carter
"Batt, Ethan",Batt Ethan
"Vine, Jay",Vine Jay
"Beullens, Cédric",Beullens Cédric
"Rikunov, Petr",Rikunov Petr
"Peñalver, Manuel",Peñalver Manuel
"Viegas, Daniel",Viegas Daniel
"Romano, Francesco",Romano Francesco
"Geniets, Kévin",Geniets Kévin
"Brunel, Alexys",Brunel Alexys
"Aurignac, Samy",Aurignac Samy
"Richardson, Alexandar",Richardson Alexandar
"Simmons, Quinn",Simmons Quinn
"Malecki, Kamil",Malecki Kamil
"Dam, Ben van",Dam Ben van
"Fedorov, Yevgeniy",Fedorov Yevgeniy
"Iacchi, Alessandro",Iacchi Alessandro
"Field, Rylee",Field Rylee
"Bouglas, Georgios",Bouglas Georgios
"Jones, Taj",Jones Taj
"Carbel, Michael",Carbel Michael
"Merwe, Juan-Pierre va..",Merwe Juan-Pierre va..
"Nakane, Hideto",Nakane Hideto
"Kim, Kook-hyun",Kim Kook-hyun
"Tortomasi, Leonardo",Tortomasi Leonardo
"Ross, Kent",Ross Kent
"Bevilacqua, Mattia",Bevilacqua Mattia
"Liphongyu, Nawuti",Liphongyu Nawuti
"Muhammad, Edy",Muhammad Edy
"Nakamura, Kaito",Nakamura Kaito
"Urianstad, Martin",Urianstad Martin
"Montenegro, Jorge",Montenegro Jorge
"Yustre, Kristian",Yustre Kristian
"Chaman, Lauro",Chaman Lauro
"Suárez, Juan",Suárez Juan
"Chalapud, Robinson",Chalapud Robinson
"Colon, Johan",Colon Johan
"Muñoz, Edison",Muñoz Edison
"Caicedo, Jonathan",Caicedo Jonathan
"Quarterman, Charlie",Quarterman Charlie
"Louvet, Louis",Louvet Louis
"Dupont, Timothy",Dupont Timothy
"Cepeda, Jefferson",Cepeda Jefferson
"Alonso, Mikel",Alonso Mikel
"Verza, Riccardo",Verza Riccardo
"Urbano, Carmelo",Urbano Carmelo
"Goossens, Kobe",Goossens Kobe
"López, Diego",López Diego
"Freitas, Daniel",Freitas Daniel
"Mendonça, Luís",Mendonça Luís
"Lüscher, Damien",Lüscher Damien
"Finé, Eddy",Finé Eddy
"Abreha, Negasi",Abreha Negasi
"Kipkemboi, Salim",Kipkemboi Salim
"Debay, Zer Abruk",Debay Zer Abruk
"Basson, Gustav",Basson Gustav
"Tesfay, Kbrab",Tesfay Kbrab
"Ravanelli, Simone",Ravanelli Simone
"Hakizimana, Seth",Hakizimana Seth
"Andersen, Asbjørn",Andersen Asbjørn
"Ferronato, Filippo",Ferronato Filippo
"Meucci, Andrea",Meucci Andrea
"Sykala, Wojciech",Sykala Wojciech
"Rebellin, Davide",Rebellin Davide
"Bergström, Erik",Bergström Erik
"Hník, Karel",Hník Karel
"Weulink, Meindert",Weulink Meindert
"Dementyev, Yehor",Dementyev Yehor
"Wolf, Justin",Wolf Justin
"Budzinski, Tomasz",Budzinski Tomasz
"Kelemen, Petr",Kelemen Petr
"Galván, Francisco",Galván Francisco
"Fisher-Black, Finn",Fisher-Black Finn
"Dina, Márton",Dina Márton
"Centrone, Ivan",Centrone Ivan
"Hänninen, Jaakko",Hänninen Jaakko
"Paquot, Tom",Paquot Tom
"Van Den Brande, Julien",Van Den Brande Julien
"Goeman, Andreas",Goeman Andreas
"Canal, Carlos",Canal Carlos
"Manzin, Lorrenzo",Manzin Lorrenzo
"Petelin, Jan",Petelin Jan
"Rex, Laurenz",Rex Laurenz
"Ruiz, Ibon",Ruiz Ibon
"Stewart, Jake",Stewart Jake
"Ferron, Valentin",Ferron Valentin
"Garibbo, Nicolò",Garibbo Nicolò
"Benedetti, Gabriele",Benedetti Gabriele
"Nessler, Martin",Nessler Martin
"Murgano, Marco",Murgano Marco
"Voisard, Yannis",Voisard Yannis
"Müller, Reto",Müller Reto
"Tiberi, Antonio",Tiberi Antonio
"Ballabio, Giacomo",Ballabio Giacomo
"Garcia, Sergio",Garcia Sergio
"Porta, Gabriele",Porta Gabriele
"Ginestra, Lorenzo",Ginestra Lorenzo
"Schneiter, Joab",Schneiter Joab
"Rocchetta, Cristian",Rocchetta Cristian
"Colnaghi, Luca",Colnaghi Luca
"Pidcock, Tom",Pidcock Tom
"Bais, Davide",Bais Davide
"Puppio, Antonio",Puppio Antonio
"Pongiluppi, Matteo",Pongiluppi Matteo
"Nencini, Tommaso",Nencini Tommaso
"Carboni, Matteo",Carboni Matteo
"Garcia, Carlos",Garcia Carlos
"Murguialday, Jokin",Murguialday Jokin
"Baroni, Alessandro",Baroni Alessandro
"Zambanini, Edoardo",Zambanini Edoardo
"Zurlo, Matteo",Zurlo Matteo
"Fantoni, Matteo",Fantoni Matteo
"Szollosi, Ferenc",Szollosi Ferenc
"Abenante, Pasquale",Abenante Pasquale
"Davy, Clement",Davy Clement
"Gloag, Thomas",Gloag Thomas
"Merchán, Didier",Merchán Didier
"Milan, Jonathan",Milan Jonathan
"Debusschere, Jens",Debusschere Jens
"Russo, Clément",Russo Clément
"Di Sante, Antonio",Di Sante Antonio
"Ballerstedt, Maurice",Ballerstedt Maurice
"Rumac, Josip",Rumac Josip
"Zingle, Axel",Zingle Axel
"Sleen, Torjus",Sleen Torjus
"Page, Hugo",Page Hugo
"Heßmann, Michael",Heßmann Michael
"Sinschek, Nils",Sinschek Nils
"Krul, Wessel",Krul Wessel
"Heinschke, Leon",Heinschke Leon
"Grignard, Sébastien",Grignard Sébastien
"Balmer, Alexandre",Balmer Alexandre
"Schneider, Lillan",Schneider Lillan
"Braz-Afonso, Clement",Braz-Afonso Clement
"Van Tricht, Stan",Van Tricht Stan
"Jarnet, Maxime",Jarnet Maxime
"Culverwell, Sam",Culverwell Sam
"Debons, Antonie",Debons Antonie
"Joalland, Yaël",Joalland Yaël
"Paret-Peintre, Valentin",Paret-Peintre Valentin
"Boileau, Alan",Boileau Alan
"Vervloesem, Xandres",Vervloesem Xandres
"Agut, Maxime",Agut Maxime
"Bareille, Bastien",Bareille Bastien
"Hayter, Leo",Hayter Leo
"Askey, Lewis",Askey Lewis
"Jousseaume, Alan",Jousseaume Alan
"Pattyn, Steven",Pattyn Steven
"Paulus, Milan",Paulus Milan
"Wood, Harrison",Wood Harrison
"Frigo, Marco",Frigo Marco
"Sauvagnargues, Jacques",Sauvagnargues Jacques
"Champion, Thomas",Champion Thomas
"Leemreize, Gijs",Leemreize Gijs
"Zana, Filippo",Zana Filippo
"Torres, Albert",Torres Albert
"Fiorelli, Filippo",Fiorelli Filippo
